Posicao,acao,PL,cotacao,PVP,PSR,DY,PAtivo,PCapGiro,PEBIT,PACL,EVEBIT,EVEBITDA,MrgEbit,MrgLiq,LiqCorr,ROIC,ROE,Liq2meses,PatLiq,DivBrutPat,Cresc5anos
1,GFSA3,-537.01,2.29,0.47,0.667,0.00,0.190,0.65,8.30,2.19,16.46,14.63,0.0804,-0.001,1.75,0.0265,-0.0009,21513900.00,1630560000.00,0.78,0.188
2,DASA3,-338.03,37.26,2.81,2.200,0.0067,1.149,7.10,494.85,-7.02,529.68,25.27,0.0044,-0.0056,1.61,0.0033,-0.0083,8770730.00,7265200000.00,0.79,0.2754
3,MAPT4,-317.06,37.95,-5.94,0.000,0.00,45.118,-3170.55,-371.02,-5.25,-371.02,-371.02,0.00,0.00,0.00,-0.1234,0.0187,175.47,-5876000.00,0.00,0.00
4,CBEE3,-238.92,23.48,1.07,0.571,0.00,0.261,-4.19,61.26,-0.46,129.91,14.70,0.0093,-0.0024,0.75,0.0048,-0.0045,12115.70,3647310000.00,1.29,0.0782
5,SBFG3,-188.02,23.75,3.04,1.604,0.00,0.871,4.54,47.82,-4.09,63.19,19.13,0.0335,-0.0085,1.62,0.022,-0.0162,29207800.00,1898800000.00,1.18,0.3019
6,WEST3,-180.89,3.98,1.09,1.607,0.00,0.825,1.25,-18.40,1.36,-3.14,-4.09,-0.0873,-0.0089,4.62,-0.2324,-0.006,4990350.00,403271000.00,0.08,0.00
7,AMER3,-141.88,33.72,1.94,2.287,0.00,0.709,2.32,72.31,-21.25,76.33,29.00,0.0316,-0.0161,2.04,0.0181,-0.0136,273164000.00,15730600000.00,0.95,0.1177
8,NORD3,-91.71,16.22,-0.76,59.235,0.00,6.189,-2.29,-91.17,-0.68,-122.80,-122.80,-0.6498,-0.6459,0.03,-0.07,0.0083,45428.50,-140838000.00,-0.26,0.5756
9,OMGE3,-58.60,32.02,1.80,4.273,0.00,0.615,12.90,13.57,-1.18,24.89,14.35,0.3148,-0.0789,1.75,0.0483,-0.0306,51015100.00,3508890000.00,1.65,0.4549
10,CVCB3,-53.96,17.10,24.93,7.597,0.00,0.814,-12.76,-6.71,-2.12,-7.64,-11.73,-1.1315,-0.1582,0.90,-0.1573,-0.462,172983000.00,154293000.00,7.69,-0.1565
11,HBSA3,-44.04,3.28,1.68,1.675,0.00,0.423,4.81,8.65,-0.74,21.23,10.55,0.1936,-0.038,2.02,0.0547,-0.0381,16473400.00,1484430000.00,2.80,0.4813
12,ELMD3,-38.45,15.65,2.95,7.895,0.00,1.354,4.75,-37.72,-18.93,-37.50,178.65,-0.2093,-0.2081,2.55,-0.0675,-0.0766,2950350.00,738743000.00,0.91,0.00
13,TELB3,-30.21,49.00,2.23,12.175,0.00,0.818,3.10,-10.40,-2.60,-8.22,-34.88,-1.1703,-0.403,5.84,-0.1035,-0.0739,62892.30,1490290000.00,0.16,0.6948
14,ORVR3,-28.66,25.20,4.78,4.727,0.00,1.862,9.09,33.08,-12.91,33.73,18.31,0.1429,-0.0824,1.81,0.0814,-0.1669,17282600.00,376508000.00,0.80,0.00
15,HBRE3,-27.71,12.20,0.71,16.534,0.00,0.372,3.58,19.24,-1.80,25.13,24.92,0.8593,-0.6437,2.25,0.0237,-0.0256,347754.00,1772950000.00,0.55,0.00
16,EMBR3,-25.35,24.25,1.29,0.705,0.00,0.347,1.17,12.96,-2.35,19.77,10.74,0.0544,-0.0277,2.08,0.0375,-0.051,263542000.00,13877400000.00,1.56,-0.0017
17,OPCT3,-25.04,3.78,0.86,1.136,0.00,0.377,2.12,286.96,-1.75,436.10,10.12,0.004,-0.0176,2.06,0.0018,-0.0343,8909720.00,880290000.00,0.98,0.00
18,ECPR3,-23.98,79.89,1.05,0.000,0.00,0.556,-1297.36,-77.52,-1.19,-77.33,-77.45,0.00,0.00,0.93,-0.0072,-0.0439,371.58,144245000.00,0.00,0.00
19,TCNO3,-20.08,2.87,85.58,0.000,0.00,0.081,-0.19,-7.28,-0.10,-20.16,-17.63,0.00,0.00,0.29,-0.015,-4.2613,204841.00,222000.00,151.52,-0.1057
20,SMFT3,-18.44,20.91,5.95,9.421,0.00,1.555,-354.68,-29.35,-2.68,-33.66,41.90,-0.321,-0.5132,0.97,-0.0608,-0.3229,34600600.00,2058530000.00,1.28,0.1391
21,DTCY3,-16.88,7.15,31.40,7.633,0.00,4.044,-30.61,-27.39,-7.68,-27.88,106.20,-0.2787,-0.4521,0.72,-0.154,-1.8596,13504.50,2535000.00,0.79,-0.0762
22,ECOR3,-16.79,8.29,2.94,1.366,0.00,0.405,171.02,3.17,-0.72,6.45,4.83,0.4312,-0.0813,1.01,0.1688,-0.1748,58752000.00,1966340000.00,4.72,0.0985
23,TCNO4,-15.26,2.18,65.01,0.000,0.00,0.061,-0.15,-5.53,-0.07,-18.41,-16.10,0.00,0.00,0.29,-0.015,-4.2613,412255.00,222000.00,151.52,-0.1057
24,TXRX3,-14.01,30.00,-0.41,0.994,0.00,0.623,-0.48,5.52,-0.30,16.22,13.16,0.1801,-0.0709,0.24,0.1698,0.0291,1744.26,-313786000.00,-0.79,0.0736
25,BIOM3,-12.81,13.23,5.65,10.414,0.00,2.282,9.07,-16.29,-10.99,-18.11,-18.25,-0.6392,-0.813,2.84,-0.1823,-0.4413,149928.00,158625000.00,1.13,7.3045
26,TELB4,-12.27,19.90,0.91,4.945,0.00,0.332,1.26,-4.23,-1.06,-2.04,-8.66,-1.1703,-0.403,5.84,-0.1035,-0.0739,128327.00,1490290000.00,0.16,0.6948
27,FRIO3,-12.05,53.38,-2.34,0.122,0.00,0.118,10.01,2.97,-0.42,13.31,7.17,0.0409,0.0025,1.02,0.0785,0.194,887.40,-93815000.00,-12.59,0.1714
28,MBLY3,-11.25,6.79,1.06,1.022,0.00,0.790,1.23,-14.54,1.39,-7.42,-18.15,-0.0703,-0.0909,4.62,-0.1294,-0.0944,3299020.00,680840000.00,0.12,0.00
29,MEAL3,-10.78,2.97,0.73,0.606,0.00,0.313,2.60,-8.12,-1.02,-9.59,14.36,-0.0746,-0.0562,1.82,-0.0517,-0.0679,10788300.00,1162710000.00,0.58,-0.0237
30,MSPA3,-8.25,48.50,0.38,2.498,0.00,0.224,14.11,-9.97,-0.63,-11.58,-32.81,-0.2506,-0.3029,1.38,-0.0232,-0.0463,112.79,814093000.00,0.10,-0.0672
31,VLID3,-8.18,7.88,0.58,0.309,0.00,0.223,1.39,5.13,-1.25,12.33,5.56,0.0603,-0.0361,1.63,0.0533,-0.0703,2722500.00,1124040000.00,1.11,0.0774
32,MSPA4,-7.82,46.00,0.36,2.369,0.00,0.213,13.39,-9.45,-0.60,-11.06,-31.35,-0.2506,-0.3029,1.38,-0.0232,-0.0463,106.98,814093000.00,0.10,-0.0672
33,BLUT3,-7.59,3.28,1.12,0.000,0.00,0.346,-2.74,-40.70,-0.50,-44.75,-44.75,0.00,0.00,0.00,-0.0086,-0.1479,2891500.00,58673000.00,0.11,0.00
34,IRBR3,-6.31,5.01,1.51,0.747,0.00,0.286,0.00,-4.87,0.00,0.00,0.00,-0.1534,-0.1183,0.00,0.00,-0.2389,71038300.00,4211780000.00,0.00,0.1029
35,BAHI3,-5.05,14.50,1.46,0.958,0.00,0.404,-1.52,311.02,-0.68,335.17,38.01,0.0031,-0.1896,0.32,0.0014,-0.2885,44206.40,152312000.00,0.31,0.9068
36,ALPK3,-4.77,5.27,1.85,1.546,0.00,0.384,-1.73,21.61,-0.55,51.89,8.06,0.0715,-0.3227,0.29,0.019,-0.3875,205860.00,553253000.00,2.72,0.00
37,PINE4,-4.72,2.00,0.38,0.000,0.00,0.000,0.00,0.00,0.00,0.00,0.00,0.00,0.00,0.00,0.00,-0.0809,522726.00,775077000.00,0.00,0.3409
38,GSHP3,-4.55,38.60,-0.15,0.724,0.00,0.045,-0.58,3.17,-0.04,73.33,65.93,0.2281,-0.159,0.55,0.0149,0.0329,25738.70,-497509000.00,-3.41,-0.2265
39,AMAR3,-4.42,4.50,1.34,0.509,0.00,0.362,4.86,7.81,-1.64,15.76,5.44,0.0653,-0.0689,1.17,0.0595,-0.3027,31289800.00,879530000.00,1.70,-0.0512
40,BKBR3,-4.23,7.10,1.24,0.806,0.00,0.536,10.88,-5.54,-1.53,-6.44,-1166.30,-0.1455,-0.1907,1.30,-0.1182,-0.2924,22731100.00,1582370000.00,0.52,0.0538
41,TXRX4,-4.11,8.80,-0.12,0.292,0.00,0.183,-0.14,1.62,-0.09,12.32,10.00,0.1801,-0.0709,0.24,0.1698,0.0291,9889.84,-313786000.00,-0.79,0.0736
42,AHEB3,-4.09,25.01,-5.00,1.077,0.00,0.765,-2.98,-6.06,-0.81,-5.96,-7.37,-0.1777,-0.2633,0.44,-0.1342,1.2215,4115.93,-42756000.00,0.00,0.5633
43,ADHM3,-4.09,1.56,-1.29,770.924,0.00,105.126,-1.43,-5.69,-1.27,-5.69,-5.81,-135.485,-188.606,0.00,5.217,0.3147,2064.00,-19776000.00,0.00,0.4348
44,OIBR4,-3.50,1.61,1.64,2.147,0.00,0.128,0.55,-3.02,-0.38,-10.88,-91.90,-0.7106,-0.601,1.67,-0.0457,-0.4673,1804990.00,5861020000.00,4.53,-0.3025
45,CTNM3,-3.33,9.90,0.38,0.131,0.00,0.072,2.79,1.71,-0.29,8.65,5.33,0.0766,-0.0597,1.07,0.0484,-0.1154,1226.58,789501000.00,1.83,-0.0617
46,CEED3,-3.27,45.00,-1.16,0.776,0.00,0.579,-2.07,-52.41,-0.46,-69.66,47.97,-0.0148,-0.2374,0.46,-0.0131,0.3538,629.33,-2655540000.00,-0.43,0.3875
47,AZUL4,-3.19,29.19,-0.64,1.664,0.00,0.581,-2.80,-19.28,-0.38,-29.88,15.69,-0.0863,-0.5221,0.65,-0.0471,0.2013,179104000.00,-15742600000.00,-0.63,-0.0992
48,SGPS3,-3.14,7.45,0.36,0.209,0.00,0.122,1.64,3.48,-0.55,10.42,5.46,0.0599,-0.0665,1.20,0.0396,-0.1137,807104.00,1044050000.00,0.88,-0.0924
49,CRDE3,-3.12,21.99,0.51,27.132,0.00,0.455,3.66,-5.67,5.36,-3.90,-3.90,-4.7845,-8.6801,2.82,-0.0947,-0.1634,4166.63,104383000.00,0.00,-0.3109
50,SHOW3,-2.99,4.20,1.68,31.100,0.00,0.581,2.70,-4.85,-9.83,-3.80,-4.69,-6.4116,-10.5226,1.56,-0.2153,-0.5599,3519450.00,168922000.00,0.79,-0.6103
51,AHEB5,-2.94,18.00,-3.60,0.775,0.00,0.551,-2.14,-4.36,-0.58,-4.26,-5.27,-0.1777,-0.2633,0.44,-0.1342,1.2215,341.05,-42756000.00,0.00,0.5633
52,ESTR4,-2.86,67.18,-0.11,0.346,0.00,0.222,-0.11,3.43,-0.09,7.59,6.95,0.1007,-0.121,0.21,0.0709,0.0372,8008.58,-510451000.00,-0.14,-0.007
53,BLUT4,-2.85,1.23,0.42,0.000,0.00,0.130,-1.03,-15.26,-0.19,-19.31,-19.31,0.00,0.00,0.00,-0.0086,-0.1479,2568940.00,58673000.00,0.11,0.00
54,TCSA3,-2.14,4.27,0.45,1.565,0.00,0.197,0.72,-3.84,-1.65,-8.57,-9.55,-0.4071,-0.7355,2.81,-0.0569,-0.2115,5734790.00,694219000.00,0.78,-0.049
55,OIBR3,-2.13,0.98,1.00,1.307,0.00,0.078,0.33,-1.84,-0.23,-9.70,-81.91,-0.7106,-0.601,1.67,-0.0457,-0.4673,83254100.00,5861020000.00,4.53,-0.3025
56,VIVR3,-2.07,2.08,-1.72,4.361,0.00,0.863,-1.55,-9.03,-0.81,-13.44,-14.30,-0.4831,-2.1081,0.44,-0.1234,0.8281,49301000.00,-170146000.00,-1.24,0.7063
57,PMAM3,-1.98,9.52,-1.10,0.087,0.00,0.120,-0.19,36.18,-0.17,277.04,19.61,0.0024,-0.0438,0.38,0.0036,0.5578,6870760.00,-374218000.00,-7.68,0.0809
58,GOLL4,-1.89,17.08,-0.43,1.239,0.00,0.585,-0.85,-3.43,-0.27,-8.26,-33.58,-0.3609,-0.6379,0.24,-0.2137,0.2279,120112000.00,-15746300000.00,-0.65,-0.1129
59,AVLL3,-1.77,31.89,2.90,2.031,0.00,0.330,5.77,-8.73,-0.68,-17.19,-20.81,-0.2325,-1.0881,1.17,-0.0453,-1.6384,157180.00,246498000.00,3.86,0.00
60,BAHI11,-1.74,5.00,0.50,0.330,0.00,0.139,-0.52,107.25,-0.24,131.39,14.90,0.0031,-0.1896,0.32,0.0014,-0.2885,651.98,152312000.00,0.31,0.9068
61,PLAS3,-1.59,11.48,-0.63,0.272,0.00,0.226,-0.90,-2.73,-0.22,-6.09,30.13,-0.0998,-0.1709,0.56,-0.0926,0.3964,35622.70,-225729000.00,-0.87,0.0685
62,CTNM4,-1.49,4.44,0.17,0.059,0.00,0.032,1.25,0.77,-0.13,7.71,4.75,0.0766,-0.0597,1.07,0.0484,-0.1154,112169.00,789501000.00,1.83,-0.0617
63,HOOT4,-1.25,3.19,-0.13,2.186,0.00,0.127,-0.10,-1.80,-0.06,-1.75,-2.70,-1.2125,-1.744,0.04,-0.0723,0.0999,567774.00,-467762000.00,-0.00,-0.3139
64,JFEN3,-1.15,1.63,-0.42,-65.955,0.00,0.135,-1.47,-1.92,-0.24,-8.32,-8.47,34.2635,58.0392,0.90,-0.0749,0.3644,2033430.00,-408444000.00,-1.42,-0.0288
65,BBRK3,-1.01,1.59,2.58,1.012,0.00,0.664,-3.69,-6.36,-1.36,-5.23,-11.24,-0.1591,-1.044,0.58,-0.1245,-2.5575,3668120.00,48358000.00,0.00,0.067
66,COGN3,-0.89,2.62,0.38,1.086,0.00,0.166,1.26,-21.19,-0.68,-48.01,20.46,-0.0512,-1.2179,1.89,-0.0091,-0.4212,116104000.00,13047100000.00,0.74,-0.0228
67,ATMP3,-0.82,4.60,0.58,0.120,0.00,0.071,-0.30,-6.01,-0.11,-19.11,3.25,-0.0199,-0.1453,0.46,-0.0138,-0.702,198014.00,212007000.00,1.46,-0.1701
68,INEP4,-0.82,1.88,-0.12,36.377,0.00,0.214,-0.14,-1.08,-0.08,-3.95,-4.22,-33.6344,-50.6315,0.02,-0.2094,0.1484,3314730.00,-2563910000.00,-0.32,-0.3511
69,MTIG4,-0.81,32.20,-0.28,0.082,0.00,0.085,-0.32,-0.63,-0.11,-7.10,-10.54,-0.1299,-0.1022,0.68,-0.1558,0.3424,21445.00,-28075000.00,-2.83,-0.0727
70,INEP3,-0.79,1.83,-0.12,35.409,0.00,0.208,-0.13,-1.05,-0.08,-3.92,-4.19,-33.6344,-50.6315,0.02,-0.2094,0.1484,2621320.00,-2563910000.00,-0.32,-0.3511
71,RPMG3,-0.76,3.17,-0.07,0.129,0.00,0.057,-0.07,-0.82,-0.06,-0.82,-0.83,-0.1573,-0.1699,0.55,-0.0702,0.0871,347388.00,-3253770000.00,0.00,0.2477
72,IGBR3,-0.49,4.09,-0.05,10.622,0.00,0.354,-0.12,-0.52,-0.04,-5.77,-5.89,-20.6251,-21.6507,0.04,-0.7723,0.1025,383186.00,-1016760000.00,-0.52,-0.08
73,BDLL4,-0.40,11.35,-0.10,0.887,0.00,0.027,-0.07,-0.55,-0.03,-7.92,-9.94,-1.6204,-2.1955,0.50,-0.059,0.2513,7106.93,-178835000.00,-1.37,-0.4279
74,BDLL3,-0.36,10.10,-0.09,0.790,0.00,0.024,-0.06,-0.49,-0.03,-7.86,-9.86,-1.6204,-2.1955,0.50,-0.059,0.2513,13590.30,-178835000.00,-1.37,-0.4279
75,SNSY5,-0.34,4.90,-0.03,0.056,0.00,0.092,-0.64,-2.02,-0.02,-8.01,-128.29,-0.0278,-0.1623,0.80,-0.0536,0.0788,26323.90,-1413970000.00,-0.08,0.1389
76,HETA3,-0.28,96.00,-0.09,24.929,0.00,4.442,-0.71,149.73,-0.09,1142.33,1142.33,0.1665,-88.5901,0.00,0.0298,0.3124,990.70,-556905000.00,-0.58,-0.1289
77,PDGR3,-0.22,2.38,-0.02,0.445,0.00,0.086,-0.05,-1.60,-0.02,-15.66,-16.05,-0.2779,-1.9848,0.32,-0.0672,0.1081,7115650.00,-5528110000.00,-0.24,-0.0446
78,SLED3,-0.13,0.59,-0.06,0.299,0.00,0.134,-0.57,-0.48,-0.05,-3.94,-5.79,-0.6274,-2.26,0.65,-0.4184,0.4899,103826.00,-577082000.00,-0.48,-0.4825
79,TEKA3,-0.11,26.10,-0.01,0.071,0.00,0.013,-0.01,-6.51,-0.00,-279.82,244.96,-0.0108,-0.6359,0.03,-0.0033,0.0678,651.07,-1745790000.00,-0.32,0.0472
80,LLIS3,-0.08,2.15,0.81,0.209,0.00,0.069,1.04,-0.58,-0.10,-6.89,-2.36,-0.3622,-0.7807,1.38,-0.1316,-10.4639,1697390.00,182944000.00,9.18,-0.1534
81,SLED4,-0.07,0.29,-0.03,0.147,0.00,0.066,-0.28,-0.23,-0.03,-3.70,-5.43,-0.6274,-2.26,0.65,-0.4184,0.4899,281606.00,-577082000.00,-0.48,-0.4825
82,TEKA4,-0.04,9.79,-0.00,0.026,0.00,0.005,-0.00,-2.44,-0.00,-275.75,241.40,-0.0108,-0.6359,0.03,-0.0033,0.0678,38188.60,-1745790000.00,-0.32,0.0472
83,HETA4,-0.04,13.48,-0.01,3.500,0.00,0.624,-0.10,21.02,-0.01,1013.63,1013.63,0.1665,-88.5901,0.00,0.0298,0.3124,15345.80,-556905000.00,-0.58,-0.1289
84,OSXB3,-0.02,7.00,-0.00,1.324,0.00,0.015,-0.04,-0.27,-0.00,-56.23,-69.00,-4.9297,-55.3103,0.04,-0.0653,0.1654,63197.30,-5655190000.00,-0.81,0.1335
85,AERI3,0.00,7.65,5.82,0.000,0.00,2.384,6.12,0.00,95.64,0.00,0.00,0.00,0.00,2.73,0.00,0.00,22153200.00,1006990000.00,1.11,0.00
86,APER3,0.00,38.21,1.99,0.000,0.00,1.249,0.00,371.18,0.00,0.00,0.00,0.00,0.00,0.00,0.00,0.00,3806860.00,291911000.00,0.00,0.0315
87,ARML3,0.00,20.80,54.26,0.000,0.00,8.486,82.65,0.00,-14.89,0.00,0.00,0.00,0.00,1.60,0.00,0.00,12445100.00,132536000.00,4.73,0.00
88,BRBI11,0.00,19.20,2.75,0.000,0.00,1.410,0.00,0.00,0.00,0.00,0.00,0.00,0.00,0.00,0.00,0.00,12893800.00,731100000.00,0.00,0.00
89,BRIT3,0.00,8.38,27.28,0.000,0.00,2.464,-109.53,0.00,-4.06,0.00,0.00,0.00,0.00,0.93,0.00,0.00,5969410.00,137949000.00,8.15,0.00
90,CBAV3,0.00,14.00,2.45,0.000,0.00,0.794,6.00,0.00,-2.52,0.00,0.00,0.00,0.00,1.62,0.00,0.00,37615300.00,3404820000.00,0.84,0.00
91,CLSA3,0.00,18.22,88.49,0.000,0.00,12.818,89.46,0.00,-48.94,0.00,0.00,0.00,0.00,1.32,0.00,0.00,15120400.00,38694000.00,3.22,0.00
92,DESK3,0.00,19.58,9.41,0.000,0.00,2.135,-41.22,0.00,-3.73,0.00,0.00,0.00,0.00,0.79,0.00,0.00,8336490.00,181036000.00,2.35,0.00
93,DOTZ3,0.00,4.62,-16.28,0.000,0.00,1.516,12.98,0.00,-6.56,0.00,0.00,0.00,0.00,1.16,0.00,0.00,780055.00,-37478000.00,-0.87,0.00
94,ENJU3,0.00,4.70,1.99,0.000,0.00,1.853,2.13,0.00,2.15,0.00,0.00,0.00,0.00,14.57,0.00,0.00,12915300.00,466251000.00,0.00,0.00
95,FIQE3,0.00,6.35,18.51,0.000,0.00,3.502,-101.28,0.00,-6.24,0.00,0.00,0.00,0.00,0.88,0.00,0.00,5180460.00,124213000.00,2.39,0.00
96,GETT3,0.00,3.20,1.82,0.000,0.00,0.121,4.14,0.00,4.39,0.00,0.00,0.00,0.00,1.03,0.00,0.00,2534440.00,3284910000.00,0.46,0.00
97,GETT4,0.00,2.66,1.51,0.000,0.00,0.101,3.44,0.00,3.65,0.00,0.00,0.00,0.00,1.03,0.00,0.00,2004050.00,3284910000.00,0.46,0.00
98,GGPS3,0.00,15.67,5.21,0.000,0.00,2.024,6.31,0.00,-32.43,0.00,0.00,0.00,0.00,2.40,0.00,0.00,18661900.00,2006640000.00,0.66,0.00
99,IFCM3,0.00,14.30,3.78,0.000,0.00,2.572,5.00,0.00,6.57,0.00,0.00,0.00,0.00,3.61,0.00,0.00,16672700.00,921911000.00,0.10,0.00
100,KRSA3,0.00,6.50,11.94,0.000,0.00,1.723,10.53,0.00,-3.43,0.00,0.00,0.00,0.00,1.89,0.00,0.00,1964690.00,416690000.00,3.42,0.00
101,LVTC3,0.00,17.92,6.95,0.000,0.00,1.061,177.54,0.00,-3.07,0.00,0.00,0.00,0.00,1.01,0.00,0.00,8559170.00,165905000.00,4.04,0.00
102,MATD3,0.00,15.40,3.68,0.000,0.00,2.232,3.59,0.00,6.77,0.00,0.00,0.00,0.00,7.08,0.00,0.00,10507400.00,1485340000.00,0.19,0.00
103,MLAS3,0.00,6.78,3.04,0.000,0.00,1.042,2.41,0.00,4.18,0.00,0.00,0.00,0.00,1.91,0.00,0.00,19407400.00,1830450000.00,0.67,0.00
104,MODL11,0.00,12.16,2.11,0.000,0.011,0.000,0.00,0.00,0.00,0.00,0.00,0.00,0.00,0.00,0.00,0.00,8607380.00,1353050000.00,0.00,0.00
105,MODL3,0.00,4.97,2.59,0.000,0.009,0.000,0.00,0.00,0.00,0.00,0.00,0.00,0.00,0.00,0.00,0.00,161824.00,1353050000.00,0.00,0.00
106,MODL4,0.00,3.65,1.90,0.000,0.0122,0.000,0.00,0.00,0.00,0.00,0.00,0.00,0.00,0.00,0.00,0.00,321465.00,1353050000.00,0.00,0.00
107,NINJ3,0.00,8.50,1.40,0.000,0.00,1.275,1.41,0.00,1.41,0.00,0.00,0.00,0.00,11.10,0.00,0.00,1831040.00,304819000.00,0.00,0.00
108,ONCO3,0.00,10.61,-99.68,0.000,0.00,1.688,36.31,0.00,-2.91,0.00,0.00,0.00,0.00,1.15,0.00,0.00,19008900.00,-52724000.00,-29.85,0.00
109,RECV3,0.00,15.09,1.98,0.000,0.00,1.146,4.80,0.00,-789.04,0.00,0.00,0.00,0.00,2.31,0.00,0.00,17275600.00,1890700000.00,0.43,0.00
110,RRRP3,0.00,33.95,2.47,0.000,0.00,1.486,3.44,0.00,11.17,0.00,0.00,0.00,0.00,6.94,0.00,0.00,80832900.00,1818440000.00,0.33,0.00
111,TRAD3,0.00,6.30,36.30,0.000,0.00,11.049,66.90,0.00,-35.01,0.00,0.00,0.00,0.00,1.77,0.00,0.00,15203700.00,48877000.00,1.64,0.00
112,TTEN3,0.00,8.75,5.04,0.000,0.00,1.159,9.33,0.00,21.06,0.00,0.00,0.00,0.00,1.18,0.00,0.00,10977800.00,857050000.00,1.12,0.00
113,VVEO3,0.00,21.56,4.17,0.000,0.00,1.152,3.87,0.00,-15.95,0.00,0.00,0.00,0.00,1.84,0.00,0.00,6078300.00,1480360000.00,1.20,0.00
114,MWET4,0.20,16.20,-0.66,0.168,0.00,0.149,-1.73,-44.28,-0.18,-109.24,23.36,-0.0038,0.8325,0.83,-0.0038,-3.2858,152816.00,-50153000.00,-1.00,0.1266
115,MGEL4,0.37,14.15,-0.31,0.112,0.00,0.137,0.33,0.92,-0.19,7.97,6.57,0.1222,0.3024,2.42,0.1911,-0.8327,79242.10,-265491000.00,-2.67,0.1299
116,MWET3,0.39,31.01,-1.27,0.322,0.00,0.285,-3.31,-84.75,-0.35,-149.72,32.02,-0.0038,0.8325,0.83,-0.0038,-3.2858,783.23,-50153000.00,-1.00,0.1266
117,DMMO3,0.53,0.68,-0.34,1.038,0.00,0.976,-1.71,39.77,-0.27,34.41,5.15,0.0261,1.9438,0.37,0.0432,-0.6274,2730050.00,-629385000.00,-0.00,-0.1319
118,RSID3,0.81,9.05,-0.34,1.352,0.00,0.104,-0.14,-4.70,-0.11,-21.14,-23.91,-0.2878,1.5233,0.31,-0.0232,-0.417,935852.00,-459925000.00,-1.25,-0.3679
119,CEBR3,0.88,20.30,0.78,-1.634,0.9342,0.675,0.93,8.32,0.94,0.32,0.30,-0.1964,-1.8888,25.71,0.2338,0.8842,181803.00,1872530000.00,0.00,0.0703
120,CEBR6,0.96,21.95,0.84,-1.767,0.9503,0.730,1.00,9.00,1.01,0.99,0.94,-0.1964,-1.8888,25.71,0.2338,0.8842,513965.00,1872530000.00,0.00,0.0703
121,CEBR5,0.96,22.00,0.85,-1.771,0.862,0.731,1.01,9.02,1.01,1.02,0.96,-0.1964,-1.8888,25.71,0.2338,0.8842,174033.00,1872530000.00,0.00,0.0703
122,CTKA4,1.25,19.44,-0.73,0.256,0.00,0.215,0.68,2.43,-0.35,12.33,9.94,0.1053,0.2041,1.87,0.1104,-0.5808,51438.90,-165845000.00,-3.28,0.0984
123,AZEV4,1.48,3.55,-2.57,5.446,0.00,4.322,119.39,-19.84,-2.10,-19.69,-21.01,-0.2745,3.6796,1.06,-0.2677,-1.7381,3712100.00,-75136000.00,0.00,-0.4398
124,PEAB3,1.60,64.00,1.42,34.424,0.4741,1.240,2.80,-31.75,3.62,-21.93,-26.53,-1.0841,21.5546,18.27,-0.0668,0.8886,5793.02,579489000.00,0.03,-0.4033
125,CTKA3,1.74,27.00,-1.01,0.355,0.00,0.299,0.95,3.37,-0.48,13.27,10.71,0.1053,0.2041,1.87,0.1104,-0.5808,6740.02,-165845000.00,-3.28,0.0984
126,AZEV3,1.94,4.65,-3.37,7.134,0.00,5.661,156.39,-25.99,-2.76,-25.84,-27.57,-0.2745,3.6796,1.06,-0.2677,-1.7381,953805.00,-75136000.00,0.00,-0.4398
127,PEAB4,2.00,80.33,1.78,43.208,0.4155,1.556,3.51,-39.86,4.54,-30.04,-36.33,-1.0841,21.5546,18.27,-0.0668,0.8886,4632.37,579489000.00,0.03,-0.4033
128,LUPA3,2.04,5.21,1.28,2.091,0.00,0.313,1.35,-8.41,-0.87,-14.54,-21.08,-0.2486,1.0237,2.40,-0.0396,0.6283,13489500.00,118227000.00,1.09,-0.1102
129,CSNA3,2.32,25.09,1.60,0.760,0.0766,0.438,1.75,1.84,-2.24,2.33,2.04,0.4134,0.3573,2.05,0.402,0.6914,387557000.00,21716700000.00,1.59,0.2268
130,BAZA3,2.39,37.10,0.40,0.000,0.07,0.000,0.00,0.00,0.00,0.00,0.00,0.00,0.00,0.00,0.00,0.1687,34559.90,2723040000.00,0.00,-0.0461
131,HAGA4,2.49,2.05,-0.36,0.559,0.00,0.390,1.03,5.29,-0.31,4.81,3.53,0.1058,0.2242,1.85,0.183,-0.1448,175779.00,-67577600.00,-0.49,0.1097
132,USIM3,2.68,14.34,0.90,0.678,0.0782,0.493,1.40,2.33,4.22,2.30,2.04,0.2909,0.2964,3.39,0.2733,0.3374,7567620.00,19906400000.00,0.29,0.249
133,USIM5,2.68,14.35,0.90,0.678,0.0859,0.493,1.40,2.33,4.22,2.30,2.04,0.2909,0.2964,3.39,0.2733,0.3374,428759000.00,19906400000.00,0.29,0.249
134,EUCA4,2.74,8.71,0.47,0.376,0.047,0.268,2.87,2.19,-3.54,3.19,2.24,0.1716,0.145,1.36,0.1353,0.1723,1283750.00,1707490000.00,0.27,0.155
135,TPIS3,2.81,2.38,0.50,0.418,0.0173,0.130,-0.97,-3.58,-0.19,-18.00,5.50,-0.1167,0.1259,0.31,-0.038,0.1768,10828100.00,843734000.00,2.09,-0.1045
136,CYRE3,2.86,15.18,1.02,1.377,0.1744,0.490,1.28,7.99,10.11,9.68,9.47,0.1723,0.4964,3.43,0.0751,0.3562,164379000.00,5962210000.00,0.56,0.1246
137,BRKM6,3.07,36.00,3.31,0.342,0.00,0.326,3.59,1.35,-0.69,2.32,1.95,0.2535,0.1135,1.26,0.3338,1.0798,1355.81,8660000000.00,3.94,0.1137
138,PCAR3,3.39,26.31,0.56,0.202,0.0824,0.149,-27.46,2.05,-0.40,3.40,2.20,0.0984,0.0629,0.98,0.0991,0.1649,105182000.00,12678000000.00,0.76,0.0904
139,ETER3,3.45,15.59,2.17,0.975,0.00,1.077,2.15,3.69,5.66,3.11,2.90,0.2638,0.2825,3.57,0.399,0.6299,27213200.00,442976000.00,0.10,0.0478
140,PETR4,3.46,27.18,1.00,1.035,0.0884,0.377,9.96,2.41,-0.83,4.23,2.95,0.4287,0.3009,1.31,0.1703,0.2875,2092130000.00,356052000000.00,0.89,0.0329
141,BOBR4,3.51,1.88,-4.26,0.437,0.00,0.578,-2.06,9.50,-0.75,15.23,10.55,0.046,0.1246,0.57,0.0797,-1.2155,132594.00,-114922000.00,-2.73,0.0112
142,USIM6,3.54,18.99,1.20,0.897,0.0649,0.653,1.85,3.08,5.59,3.06,2.70,0.2909,0.2964,3.39,0.2733,0.3374,223.09,19906400000.00,0.29,0.249
143,PETR3,3.56,27.90,1.02,1.062,0.0861,0.387,10.22,2.48,-0.85,4.29,3.00,0.4287,0.3009,1.31,0.1703,0.2875,511810000.00,356052000000.00,0.89,0.0329
144,DOHL4,3.64,6.12,0.68,0.710,0.0843,0.525,1.20,5.23,1.71,5.31,4.57,0.1358,0.1954,5.32,0.1079,0.1872,65803.70,680327000.00,0.07,0.0798
145,GPIV33,3.64,7.07,0.49,1.317,0.00,0.214,0.77,1.55,1.67,-0.38,-0.38,0.8517,0.7459,7.82,0.198,0.1344,3310180.00,1586620000.00,0.06,0.4083
146,BRAP3,3.75,48.30,1.41,0.000,0.1204,1.409,25.95,-815.61,26.24,-783.44,-783.44,0.00,0.00,16.30,-0.0018,0.3774,13053700.00,13421700000.00,0.00,0.00
147,BRAP4,4.00,51.50,1.51,0.000,0.1242,1.502,27.67,-869.65,27.98,-837.47,-837.47,0.00,0.00,16.30,-0.0018,0.3774,169815000.00,13421700000.00,0.00,0.00
148,TASA4,4.06,22.33,7.23,1.161,0.00,1.591,5.24,4.04,-12.95,4.70,4.50,0.287,0.2856,1.86,0.4906,1.7796,33518400.00,361553000.00,1.63,0.2688
149,CLSC3,4.09,65.00,1.10,0.258,0.0487,0.211,1.63,3.29,-0.47,4.36,3.30,0.0785,0.0631,1.57,0.0783,0.2685,5432.40,2283950000.00,0.84,0.0935
150,EUCA3,4.12,13.10,0.71,0.566,0.0284,0.404,4.32,3.30,-5.33,4.29,3.02,0.1716,0.145,1.36,0.1353,0.1723,155791.00,1707490000.00,0.27,0.155
151,MNDL3,4.12,56.98,-1.10,0.223,0.00,0.121,-0.24,1.81,-0.15,5.01,4.29,0.1229,0.054,0.38,0.0706,-0.2657,61688.30,-128969000.00,-1.97,0.0846
152,JHSF3,4.17,5.38,0.87,2.053,0.0735,0.460,2.14,3.38,-3.14,3.95,3.81,0.6067,0.4883,3.14,0.1624,0.2076,25059800.00,4262310000.00,0.43,0.4811
153,TASA3,4.19,23.01,7.45,1.196,0.00,1.639,5.40,4.17,-13.34,4.82,4.62,0.287,0.2856,1.86,0.4906,1.7796,1183820.00,361553000.00,1.63,0.2688
154,CLSC4,4.21,66.89,1.13,0.266,0.0521,0.217,1.68,3.38,-0.48,4.46,3.37,0.0785,0.0631,1.57,0.0783,0.2685,207459.00,2283950000.00,0.84,0.0935
155,VALE3,4.29,76.08,1.87,1.328,0.1981,0.807,7.05,2.19,-2.70,2.20,2.00,0.6067,0.3041,1.77,0.4497,0.4371,2549820000.00,208437000000.00,0.33,0.2755
156,RAPT4,4.31,10.76,1.63,0.510,0.0603,0.406,1.32,3.70,-4.98,5.66,4.72,0.1378,0.1507,2.08,0.156,0.3778,34308700.00,2283580000.00,1.61,0.2746
157,CPLE3,4.32,5.56,0.75,0.752,0.2473,0.321,49.97,3.75,-0.91,5.76,4.66,0.2009,0.1782,1.03,0.0929,0.1745,18582900.00,20171700000.00,0.48,0.1165
158,BGIP4,4.33,22.53,0.64,0.000,0.0553,0.000,0.00,0.00,0.00,0.00,0.00,0.00,0.00,0.00,0.00,0.1487,15495.40,535142000.00,0.00,0.0408
159,BNBR3,4.34,70.16,0.87,0.000,0.0402,0.000,0.00,0.00,0.00,0.00,0.00,0.00,0.00,0.00,0.00,0.2013,6690.02,6939950000.00,0.00,0.186
160,POSI3,4.34,9.26,1.20,0.463,0.0368,0.420,1.31,7.03,2.66,8.75,6.93,0.0659,0.1084,1.66,0.0981,0.2756,77641000.00,1098110000.00,0.74,0.1007
161,PLPL3,4.34,3.20,2.26,0.568,0.0612,0.571,0.70,1.92,2.82,2.21,2.05,0.2963,0.1308,6.95,0.4115,0.5204,5528490.00,289145000.00,1.19,0.00
162,HAGA3,4.38,3.60,-0.63,0.982,0.00,0.685,1.80,9.28,-0.55,8.80,6.47,0.1058,0.2242,1.85,0.183,-0.1448,50301.00,-67577600.00,-0.49,0.1097
163,BRKM3,4.39,51.47,4.74,0.489,0.00,0.467,5.13,1.93,-0.98,2.90,2.44,0.2535,0.1135,1.26,0.3338,1.0798,704329.00,8660000000.00,3.94,0.1137
164,CMIN3,4.41,6.05,2.18,1.509,0.0632,1.238,4.53,2.56,16.88,2.11,1.93,0.589,0.3422,2.17,0.8103,0.4953,64294600.00,15491000000.00,0.20,0.00
165,GGBR3,4.48,21.39,1.02,0.600,0.0813,0.550,2.12,3.13,-15.09,3.99,3.29,0.1919,0.1347,2.58,0.2165,0.2284,2725780.00,35913600000.00,0.44,0.107
166,TRPL4,4.49,24.00,1.12,3.981,0.1443,0.567,7.53,3.95,-1.70,5.21,5.18,1.0079,0.8892,2.05,0.1542,0.2493,31444200.00,14132600000.00,0.48,-0.101
167,MRFG3,4.50,25.12,4.15,0.238,0.0657,0.397,3.18,2.05,-1.10,3.83,3.26,0.116,0.0719,1.33,0.3084,0.9226,182629000.00,4185630000.00,6.81,0.4872
168,EPAR3,4.54,12.15,3.32,0.265,0.00,0.873,5.43,4.87,-6.27,4.92,3.77,0.0544,0.0583,1.37,0.2499,0.7321,66571.60,54310000.00,0.72,0.4317
169,ALLD3,4.61,17.24,1.09,0.281,0.0265,0.407,1.71,4.09,4.64,4.68,4.02,0.0688,0.061,1.50,0.1838,0.2364,11280200.00,1474960000.00,0.27,0.00
170,CPLE11,4.64,29.87,0.81,0.808,0.00,0.345,53.69,4.02,-0.98,6.03,4.89,0.2009,0.1782,1.03,0.0929,0.1745,18200000.00,20171700000.00,0.48,0.1165
171,TAEE4,4.67,12.26,1.99,3.226,0.1225,0.834,11.19,4.34,-1.93,6.42,6.38,0.7437,0.6911,2.01,0.2029,0.4256,2567470.00,6378770000.00,1.07,0.366
172,TAEE11,4.67,36.82,1.99,3.229,0.1223,0.835,11.20,4.34,-1.94,6.42,6.38,0.7437,0.6911,2.01,0.2029,0.4256,92792500.00,6378770000.00,1.07,0.366
173,GOAU3,4.67,11.11,0.91,0.197,0.0837,0.176,0.64,1.03,-14.10,1.76,1.45,0.1917,0.1255,2.72,0.2161,0.1937,435098.00,13341100000.00,1.18,0.107
174,BRKM5,4.68,54.87,5.05,0.522,0.00,0.497,5.47,2.06,-1.05,3.02,2.55,0.2535,0.1135,1.26,0.3338,1.0798,216811000.00,8660000000.00,3.94,0.1137
175,CESP3,4.69,23.41,1.08,3.734,0.1439,0.544,31.73,14.73,-1.26,17.34,9.89,0.2534,0.7962,1.35,0.0387,0.2309,297783.00,7081490000.00,0.27,0.0899
176,NEOE3,4.70,14.78,0.80,0.479,0.0356,0.240,6.01,2.50,-0.49,6.29,5.02,0.1918,0.1057,1.24,0.1071,0.1699,41661400.00,22471000000.00,1.39,0.2068
177,TAEE3,4.71,12.37,2.00,3.255,0.1214,0.842,11.29,4.38,-1.95,6.46,6.42,0.7437,0.6911,2.01,0.2029,0.4256,1040620.00,6378770000.00,1.07,0.366
178,CPLE6,4.80,6.18,0.84,0.836,0.2447,0.357,55.54,4.16,-1.01,6.17,5.00,0.2009,0.1782,1.03,0.0929,0.1745,114345000.00,20171700000.00,0.48,0.1165
179,CESP6,4.93,24.63,1.14,3.929,0.1054,0.573,33.39,15.50,-1.33,18.11,10.33,0.2534,0.7962,1.35,0.0387,0.2309,65965000.00,7081490000.00,0.27,0.0899
180,CEPE5,4.97,29.25,1.21,0.280,0.1013,0.189,4.36,2.24,-0.32,7.37,5.53,0.125,0.0563,1.21,0.0937,0.2444,2566.07,1797000000.00,2.94,0.118
181,ENGI4,5.08,7.00,1.55,0.559,0.05,0.264,5.32,3.25,-0.47,7.06,5.36,0.1721,0.1205,1.25,0.0938,0.3052,153956.00,8190540000.00,2.32,0.1574
182,DEXP4,5.09,8.16,1.98,0.577,0.00,0.698,3.16,5.56,-13.65,6.65,5.61,0.1039,0.1339,1.73,0.1411,0.3883,136895.00,388107000.00,0.52,0.2918
183,EALT4,5.11,6.35,0.77,0.505,0.0482,0.327,7.32,5.93,-1.94,8.98,6.08,0.0852,0.0989,1.12,0.06,0.1506,262595.00,185711000.00,0.46,0.2044
184,GOAU4,5.16,12.27,1.00,0.218,0.0758,0.195,0.71,1.13,-15.57,1.87,1.54,0.1917,0.1255,2.72,0.2161,0.1937,132528000.00,13341100000.00,1.18,0.107
185,RAPT3,5.17,12.90,1.95,0.612,0.0503,0.486,1.58,4.44,-5.97,6.40,5.33,0.1378,0.1507,2.08,0.156,0.3778,352628.00,2283580000.00,1.61,0.2746
186,ALUP11,5.18,23.81,1.09,1.021,0.0353,0.290,4.13,1.55,-0.68,3.24,3.15,0.6607,0.4122,1.76,0.2038,0.2113,21857800.00,6372350000.00,1.46,0.517
187,ALUP3,5.18,7.94,1.10,1.021,0.0353,0.290,4.13,1.55,-0.68,3.24,3.15,0.6607,0.4122,1.76,0.2038,0.2113,919501.00,6372350000.00,1.46,0.517
188,ALUP4,5.21,7.98,1.10,1.026,0.0351,0.291,4.15,1.55,-0.69,3.24,3.16,0.6607,0.4122,1.76,0.2038,0.2113,948950.00,6372350000.00,1.46,0.517
189,BRSR6,5.21,11.40,0.54,0.000,0.0888,0.000,0.00,0.00,0.00,0.00,0.00,0.00,0.00,0.00,0.00,0.1034,22053000.00,8652150000.00,0.00,0.1019
190,BBAS3,5.21,28.91,0.61,0.000,0.0695,0.000,0.00,0.00,0.00,0.00,0.00,0.00,0.00,0.00,0.00,0.1173,419518000.00,135444000000.00,0.00,0.0079
191,TKNO4,5.29,62.25,0.87,0.733,0.0335,0.600,1.66,4.78,1.89,5.10,4.54,0.1534,0.1385,2.34,0.1528,0.1648,562.91,210499000.00,0.12,0.1801
192,CSMG3,5.32,13.51,0.76,0.912,0.23,0.432,9.13,3.55,-1.73,5.33,3.65,0.2572,0.1715,1.36,0.1342,0.1421,27439000.00,6800330000.00,0.51,0.0815
193,CMIG4,5.33,13.37,1.14,0.817,0.0649,0.421,4.23,4.42,-1.19,5.83,4.89,0.1849,0.1533,1.56,0.113,0.214,158084000.00,19841100000.00,0.67,0.082
194,ENAT3,5.39,13.95,1.11,3.938,0.0139,0.659,2.26,13.13,35.54,9.44,3.56,0.30,0.7301,3.15,0.0803,0.2067,27277900.00,3325960000.00,0.30,0.2665
195,SAPR11,5.50,18.81,0.78,1.159,0.0529,0.410,7.48,3.06,-1.24,4.70,3.91,0.3789,0.2109,1.62,0.1465,0.1415,32580900.00,7310300000.00,0.55,0.0828
196,BMEB4,5.50,18.69,0.92,0.000,0.0695,0.000,0.00,0.00,0.00,0.00,0.00,0.00,0.00,0.00,0.00,0.1667,53694.80,1067480000.00,0.00,0.1499
197,PATI4,5.54,59.00,1.82,0.619,0.0307,0.814,1.42,3.60,2.74,4.07,3.97,0.172,0.1118,3.06,0.3695,0.3287,4047.51,775720000.00,0.74,0.2626
198,SAPR3,5.55,3.80,0.79,1.171,0.0485,0.414,7.56,3.09,-1.26,4.73,3.93,0.3789,0.2109,1.62,0.1465,0.1415,2658000.00,7310300000.00,0.55,0.0828
199,SAPR4,5.58,3.82,0.79,1.177,0.053,0.416,7.60,3.11,-1.26,4.75,3.95,0.3789,0.2109,1.62,0.1465,0.1415,18383700.00,7310300000.00,0.55,0.0828
200,GGBR4,5.60,26.73,1.28,0.750,0.0651,0.687,2.65,3.91,-18.86,4.77,3.93,0.1919,0.1347,2.58,0.2165,0.2284,398350000.00,35913600000.00,0.44,0.107
201,FHER3,5.61,19.80,-98.31,0.375,0.00,0.547,2.81,3.51,-1.19,4.10,3.76,0.1069,0.0669,1.56,0.193,-17.5334,85752900.00,-10847000.00,-19.06,-0.1948
202,HBTS5,5.64,55.95,1.34,2.205,0.0029,0.370,-2.76,3.75,-0.64,3.76,3.73,0.588,0.3908,0.51,0.1055,0.2372,16641.60,381872000.00,0.21,0.3336
203,BRSR3,5.68,12.42,0.59,0.000,0.0815,0.000,0.00,0.00,0.00,0.00,0.00,0.00,0.00,0.00,0.00,0.1034,88663.60,8652150000.00,0.00,0.1019
204,SULA4,5.85,8.49,1.35,0.570,0.0388,0.390,1.02,22.30,-15.58,-8.43,-6.65,0.0256,0.0974,2.25,0.045,0.2306,340482.00,8034060000.00,0.26,0.0375
205,GEPA4,5.88,31.70,1.56,2.325,0.1104,0.733,-7.73,2.58,-1.78,3.59,3.28,0.9012,0.3952,0.55,0.3505,0.2647,62375.90,1922640000.00,0.78,-0.0147
206,SULA11,5.89,25.62,1.36,0.573,0.0386,0.392,1.03,22.43,-15.67,-8.30,-6.55,0.0256,0.0974,2.25,0.045,0.2306,105373000.00,8034060000.00,0.26,0.0375
207,BRDT3,5.89,22.03,2.18,0.255,0.1054,0.899,2.89,8.07,-11.01,10.21,8.72,0.0316,0.0433,2.60,0.1334,0.37,294911000.00,11775000000.00,0.78,0.0148
208,SUZB3,5.97,52.80,4.96,2.101,0.00,0.696,4.98,6.24,-1.07,11.23,7.03,0.3366,0.3518,2.95,0.1284,0.8305,485476000.00,14488400000.00,4.73,0.4116
209,BGIP3,5.97,31.11,0.89,0.000,0.0364,0.000,0.00,0.00,0.00,0.00,0.00,0.00,0.00,0.00,0.00,0.1487,3612.56,535142000.00,0.00,0.0408
210,TRPL3,5.98,31.97,1.49,5.303,0.1084,0.756,10.03,5.26,-2.27,6.52,6.49,1.0079,0.8892,2.05,0.1542,0.2493,57180.30,14132600000.00,0.48,-0.101
211,CEEB3,6.00,34.99,1.56,0.710,0.1317,0.405,-63.25,3.81,-0.76,7.16,5.69,0.1866,0.1184,0.97,0.1174,0.2599,49718.10,5879000000.00,1.54,0.1335
212,GEPA3,6.03,32.50,1.60,2.383,0.1077,0.752,-7.92,2.64,-1.83,3.66,3.34,0.9012,0.3952,0.55,0.3505,0.2647,6219.49,1922640000.00,0.78,-0.0147
213,ENGI11,6.03,41.55,1.84,0.664,0.0421,0.314,6.31,3.86,-0.56,7.66,5.82,0.1721,0.1205,1.25,0.0938,0.3052,74256800.00,8190540000.00,2.32,0.1574
214,EEEL3,6.11,335.00,1.77,2.457,0.1173,0.726,3.09,8.71,-2.95,8.78,8.29,0.2822,0.3991,3.25,0.0977,0.2894,3482.56,1830050000.00,0.35,0.0511
215,CESP5,6.11,30.50,1.41,4.865,0.0851,0.709,41.35,19.20,-1.65,21.81,12.43,0.2534,0.7962,1.35,0.0387,0.2309,793.14,7081490000.00,0.27,0.0899
216,SULA3,6.15,8.92,1.42,0.599,0.037,0.410,1.07,23.43,-16.37,-7.30,-5.76,0.0256,0.0974,2.25,0.045,0.2306,207658.00,8034060000.00,0.26,0.0375
217,BMGB4,6.19,3.44,0.50,0.000,0.0527,0.000,0.00,0.00,0.00,0.00,0.00,0.00,0.00,0.00,0.00,0.08,4917130.00,4052510000.00,0.00,0.2662
218,ENBR3,6.28,19.03,1.10,0.706,0.0525,0.364,35.56,3.40,-0.93,5.76,4.78,0.2076,0.1251,1.04,0.119,0.1754,57451000.00,10487500000.00,0.92,0.1099
219,DEXP3,6.36,10.20,2.47,0.722,0.0275,0.873,3.95,6.95,-17.07,8.04,6.78,0.1039,0.1339,1.73,0.1411,0.3883,6771830.00,388107000.00,0.52,0.2918
220,EEEL4,6.38,350.00,1.85,2.567,0.1235,0.759,3.22,9.10,-3.09,9.17,8.66,0.2822,0.3991,3.25,0.0977,0.2894,813.95,1830050000.00,0.35,0.0511
221,PTNT4,6.41,7.08,1.23,0.449,0.00,0.471,2.31,4.70,154.85,6.20,4.34,0.0954,0.097,1.63,0.1346,0.1924,257630.00,276016000.00,0.76,0.0966
222,CSRN5,6.48,17.00,2.14,0.906,0.1184,0.589,11.20,5.05,-1.20,7.75,6.43,0.1793,0.1397,1.29,0.132,0.3304,976.91,1334000000.00,1.35,0.1128
223,CSRN6,6.48,17.00,2.14,0.906,0.1184,0.589,11.20,5.05,-1.20,7.75,6.43,0.1793,0.1397,1.29,0.132,0.3304,540.77,1334000000.00,1.35,0.1128
224,CAMB3,6.50,4.64,2.06,1.113,0.00,0.732,159.35,9.34,-2.46,12.26,9.47,0.1192,0.1713,1.01,0.0832,0.3173,405176.00,95140000.00,0.68,-0.1157
225,BMEB3,6.55,22.25,1.09,0.000,0.0531,0.000,0.00,0.00,0.00,0.00,0.00,0.00,0.00,0.00,0.00,0.1667,9071.86,1067480000.00,0.00,0.1499
226,CSAB4,6.57,40.20,1.71,93.698,0.0509,0.834,0.00,7.29,0.00,0.00,0.00,12.8507,14.2631,0.00,0.00,0.261,1491.05,180083000.00,0.00,-0.0972
227,CSRN3,6.57,17.24,2.17,0.919,0.1061,0.598,11.36,5.12,-1.22,7.82,6.49,0.1793,0.1397,1.29,0.132,0.3304,5035.58,1334000000.00,1.35,0.1128
228,CPFE3,6.65,25.15,1.92,0.848,0.1194,0.516,-28.23,4.60,-0.99,6.82,5.70,0.1843,0.1296,0.92,0.1276,0.2886,62167500.00,15093800000.00,1.13,0.0964
229,PFRM3,6.67,5.31,0.60,0.112,0.00,0.167,0.78,2.76,5.76,5.06,3.46,0.0405,0.0174,1.48,0.0892,0.0905,1309940.00,1088960000.00,0.74,0.0989
230,CEEB5,6.69,39.00,1.74,0.792,0.00,0.451,-70.49,4.24,-0.85,7.60,6.03,0.1866,0.1184,0.97,0.1174,0.2599,274.42,5879000000.00,1.54,0.1335
231,CMIG3,6.79,17.02,1.45,1.041,0.051,0.535,5.39,5.63,-1.51,7.03,5.90,0.1849,0.1533,1.56,0.113,0.214,9804000.00,19841100000.00,0.67,0.082
232,CGRA4,6.82,44.38,1.25,1.613,0.0436,0.912,3.00,10.01,4.19,8.70,7.30,0.1611,0.2365,2.64,0.1169,0.1834,765758.00,695229000.00,0.00,0.0655
233,EKTR4,6.83,26.52,1.90,0.681,0.1336,0.532,17.60,4.10,-1.31,6.79,5.58,0.1663,0.0997,1.11,0.1506,0.2778,10675.30,2708000000.00,1.47,0.096
234,JBSS3,6.90,37.32,2.24,0.305,0.054,0.544,4.22,4.45,-1.59,6.97,4.98,0.0686,0.0442,1.48,0.1636,0.3241,513163000.00,41898200000.00,1.70,0.1737
235,RNEW11,6.96,8.15,-0.35,3.128,0.00,0.113,0.66,-4.14,-0.13,-24.82,-27.45,-0.756,0.4491,1.58,-0.0323,-0.0506,140146.00,-844112000.00,-2.18,-0.4987
236,BEES3,7.02,4.92,0.87,0.000,0.0562,0.000,0.00,0.00,0.00,0.00,0.00,0.00,0.00,0.00,0.00,0.124,92731.20,1784820000.00,0.00,0.0546
237,PATI3,7.04,75.00,2.31,0.787,0.0241,1.035,1.81,4.57,3.48,5.05,4.92,0.172,0.1118,3.06,0.3695,0.3287,9241.67,775720000.00,0.74,0.2626
238,WIZS3,7.05,10.63,4.09,1.831,0.0573,1.693,28.43,3.80,-10.72,3.16,2.89,0.4812,0.2726,1.17,0.6827,0.5808,46140400.00,415181000.00,0.00,0.1714
239,RNEW4,7.10,2.77,-0.36,3.189,0.00,0.115,0.67,-4.22,-0.13,-24.90,-27.54,-0.756,0.4491,1.58,-0.0323,-0.0506,712465.00,-844112000.00,-2.18,-0.4987
240,CGRA3,7.15,46.50,1.31,1.690,0.0416,0.955,3.14,10.49,4.39,9.17,7.71,0.1611,0.2365,2.64,0.1169,0.1834,79889.60,695229000.00,0.00,0.0655
241,HBOR3,7.15,5.30,0.54,0.680,0.009,0.166,0.35,12.38,1.41,28.01,20.81,0.0549,0.1473,3.09,0.0152,0.0752,8062140.00,1319010000.00,1.00,0.2263
242,TRIS3,7.16,6.68,1.02,1.354,0.0361,0.558,1.03,6.32,1.52,6.83,6.80,0.2143,0.2068,3.20,0.1096,0.1418,12833800.00,1227020000.00,0.39,0.2676
243,ROMI3,7.23,18.32,1.58,1.133,0.089,0.751,2.42,8.23,8.61,10.35,8.32,0.1377,0.157,2.03,0.1108,0.2182,10435400.00,851726000.00,0.60,0.1682
244,RNEW3,7.38,2.88,-0.37,3.316,0.00,0.120,0.70,-4.39,-0.14,-25.07,-27.73,-0.756,0.4491,1.58,-0.0323,-0.0506,248096.00,-844112000.00,-2.18,-0.4987
245,ATOM3,7.44,4.20,4.94,2.489,0.0714,3.197,3.38,7.90,5.11,6.69,6.65,0.3152,0.3345,30.27,0.8204,0.664,165319.00,17763000.00,0.00,0.6669
246,MRVE3,7.53,10.54,0.88,0.738,0.0453,0.266,1.00,6.52,-1.34,11.30,9.72,0.1132,0.1067,2.26,0.0449,0.1166,84331400.00,5800170000.00,0.84,0.1183
247,AURA33,7.57,55.48,2.72,2.363,0.0826,1.469,11.12,5.53,-17.54,5.48,5.48,0.4273,0.3122,1.54,0.3915,0.3588,6456170.00,1445150000.00,0.31,0.00
248,LIGT3,7.59,10.82,0.48,0.280,0.0408,0.142,0.68,1.92,-0.43,4.93,3.84,0.1456,0.0369,2.23,0.10,0.0634,34747300.00,8383610000.00,1.48,0.0835
249,UNIP5,7.66,78.10,3.72,1.534,0.1029,1.503,6.09,4.84,-11.24,4.63,4.09,0.317,0.2024,2.17,0.4315,0.4858,22287.10,1981560000.00,0.39,0.1953
250,BBDC3,7.77,17.41,1.16,0.000,0.0604,0.000,0.00,0.00,0.00,0.00,0.00,0.00,0.00,0.00,0.00,0.1487,133034000.00,146488000000.00,0.00,0.2919
251,EQTL3,7.81,23.14,2.21,1.237,0.0311,0.538,3.01,4.60,-1.53,6.50,5.72,0.2691,0.1875,1.97,0.1511,0.2831,164393000.00,10569500000.00,1.68,0.2572
252,CIEL3,7.82,2.36,0.65,1.328,0.0494,0.077,1.23,7.59,-3.18,8.86,5.61,0.175,0.1699,1.08,0.0577,0.0836,90103800.00,9807280000.00,0.71,-0.1705
253,MTSA4,7.83,44.50,1.36,0.874,0.0489,0.982,1.87,6.68,1.98,6.26,5.49,0.1308,0.1116,3.13,0.1875,0.1732,155749.00,299919000.00,0.14,0.1833
254,UNIP6,7.89,80.42,3.83,1.579,0.0999,1.547,6.27,4.98,-11.57,4.77,4.22,0.317,0.2024,2.17,0.4315,0.4858,24271700.00,1981560000.00,0.39,0.1953
255,ITSA3,7.92,10.51,1.45,11.923,0.0299,1.115,15.76,72.70,-21.35,74.00,46.91,0.164,1.6184,2.16,0.017,0.1827,2736560.00,61112000000.00,0.13,0.0904
256,MDNE3,7.92,5.93,0.48,0.714,0.00,0.216,0.93,5.56,-1.73,5.53,5.28,0.1283,0.096,2.20,0.0419,0.0608,2591430.00,1045450000.00,0.12,-0.033
257,ITSA4,7.93,10.53,1.45,11.946,0.0298,1.117,15.79,72.83,-21.39,74.13,47.00,0.164,1.6184,2.16,0.017,0.1827,421190000.00,61112000000.00,0.13,0.0904
258,UNIP3,7.95,81.00,3.86,1.591,0.0902,1.559,6.32,5.02,-11.66,4.81,4.25,0.317,0.2024,2.17,0.4315,0.4858,2818060.00,1981560000.00,0.39,0.1953
259,BRSR5,8.05,17.60,0.83,0.000,0.0706,0.000,0.00,0.00,0.00,0.00,0.00,0.00,0.00,0.00,0.00,0.1034,1050.14,8652150000.00,0.00,0.1019
260,CURY3,8.06,6.79,3.66,1.356,0.058,0.975,2.66,5.99,5.97,5.32,5.25,0.2264,0.1796,1.80,0.2284,0.4544,8485530.00,541253000.00,0.50,0.00
261,ABCB4,8.09,15.75,0.80,0.000,0.0631,0.000,0.00,0.00,0.00,0.00,0.00,0.00,0.00,0.00,0.00,0.0987,16913300.00,4459170000.00,0.00,0.152
262,SANB3,8.10,16.42,1.55,0.000,0.0667,0.000,0.00,0.00,0.00,0.00,0.00,0.00,0.00,0.00,0.00,0.1917,605026.00,79338900000.00,0.00,0.0642
263,LOGG3,8.10,22.82,0.72,15.946,0.0143,0.499,4.30,21.35,-4.76,26.56,26.37,0.747,2.0771,2.47,0.0255,0.0886,13002200.00,3247870000.00,0.28,0.1174
264,TEND3,8.15,16.64,1.17,0.657,0.0209,0.392,0.98,4.39,-9.95,4.86,4.49,0.1498,0.08,2.80,0.1156,0.1431,27271200.00,1489400000.00,0.76,0.2067
265,MOAR3,8.23,437.00,3.70,48.761,0.0331,2.402,13.07,-145.89,-32.42,-141.68,-144.92,-0.3342,5.9249,2.98,-0.022,0.4494,1244910.00,1447570000.00,0.28,0.7657
266,ITUB3,8.32,21.24,1.53,0.000,0.033,0.000,0.00,0.00,0.00,0.00,0.00,0.00,0.00,0.00,0.00,0.1841,54365200.00,136042000000.00,0.00,-0.2812
267,POMO3,8.32,2.41,0.85,0.647,0.0373,0.368,1.59,29.58,-7.10,43.59,18.60,0.0219,0.075,1.84,0.0163,0.1022,801007.00,2682500000.00,0.80,0.0616
268,CAML3,8.40,9.75,1.33,0.435,0.0657,0.539,1.29,6.15,8.93,8.49,6.64,0.0707,0.0517,2.74,0.1307,0.1588,15185100.00,2703230000.00,1.01,0.2397
269,BEES4,8.41,5.89,1.04,0.000,0.0469,0.000,0.00,0.00,0.00,0.00,0.00,0.00,0.00,0.00,0.00,0.124,38852.30,1784820000.00,0.00,0.0546
270,NUTR3,8.54,253.00,1.73,0.321,0.00,0.447,1.29,8.39,-2.91,10.12,8.97,0.0383,0.0376,2.45,0.0617,0.2031,588.37,18676000.00,0.42,0.3063
271,EQMA3B,8.58,43.00,2.18,1.581,0.1388,0.956,4.48,6.33,-5.30,7.05,5.96,0.2497,0.1841,2.27,0.1921,0.2537,12855.90,3241580000.00,0.61,0.0742
272,SANB11,8.70,35.29,1.67,0.000,0.0652,0.000,0.00,0.00,0.00,0.00,0.00,0.00,0.00,0.00,0.00,0.1917,107393000.00,79338900000.00,0.00,0.0642
273,DXCO3,8.71,16.56,2.03,1.545,0.0452,0.963,6.73,8.24,-5.68,9.52,6.35,0.1875,0.1774,1.68,0.1488,0.2325,54263200.00,5654440000.00,0.55,0.1567
274,JPSA3,8.76,26.07,1.26,3.284,0.0044,0.316,2.19,8.61,-1.09,15.99,10.21,0.3813,0.7015,2.82,0.045,0.1441,10037200.00,1816280000.00,1.81,0.0057
275,PSSA3,8.76,23.81,1.65,0.782,0.0608,0.406,4.43,0.98,-4.42,0.39,0.38,0.7998,0.0893,1.16,0.5498,0.1884,80900100.00,9333190000.00,0.00,0.0404
276,FRTA3,8.87,5.60,-0.17,0.937,0.00,0.320,-0.15,-174.25,-0.12,-1149.52,114.26,-0.0054,0.1057,0.08,-0.0021,-0.0196,73664.30,-66288000.00,-0.98,-0.321
277,BRIV4,8.87,8.30,0.47,0.000,0.0724,0.000,0.00,0.00,0.00,0.00,0.00,0.00,0.00,0.00,0.00,0.0532,10532.80,1556890000.00,0.00,0.364
278,SHUL4,8.97,8.87,1.99,1.106,0.0246,0.838,2.05,12.41,10.56,15.32,11.41,0.0891,0.1232,2.65,0.0924,0.2214,3774930.00,797717000.00,0.94,0.209
279,VIIA3,9.00,6.97,1.77,0.341,0.00,0.333,-15.50,4.33,-1.34,7.12,5.23,0.0786,0.0379,0.96,0.1058,0.1963,322220000.00,6306000000.00,1.51,0.0666
280,JALL3,9.00,9.26,2.19,2.164,0.015,0.770,2.37,4.59,-5.42,5.59,3.31,0.4715,0.2404,2.80,0.2607,0.2428,6035860.00,1248260000.00,1.43,0.00
281,POMO4,9.08,2.63,0.93,0.706,0.0342,0.402,1.74,32.28,-7.75,46.29,19.75,0.0219,0.075,1.84,0.0163,0.1022,11104900.00,2682500000.00,0.80,0.0616
282,SANB4,9.11,18.48,1.75,0.000,0.0652,0.000,0.00,0.00,0.00,0.00,0.00,0.00,0.00,0.00,0.00,0.1917,985158.00,79338900000.00,0.00,0.0642
283,BBDC4,9.12,20.45,1.36,0.000,0.0566,0.000,0.00,0.00,0.00,0.00,0.00,0.00,0.00,0.00,0.00,0.1487,984222000.00,146488000000.00,0.00,0.2919
284,ITUB4,9.22,23.54,1.70,0.000,0.0298,0.000,0.00,0.00,0.00,0.00,0.00,0.00,0.00,0.00,0.00,0.1841,1134490000.00,136042000000.00,0.00,-0.2812
285,ESPA3,9.40,10.10,3.52,3.230,0.0141,1.271,57.50,9.20,-5.25,10.93,8.82,0.3512,0.3483,1.06,0.1524,0.3739,26240400.00,701700000.00,0.89,0.00
286,EKTR3,9.41,36.52,2.61,0.938,0.0882,0.733,24.23,5.64,-1.81,8.34,6.85,0.1663,0.0997,1.11,0.1506,0.2778,2093.05,2708000000.00,1.47,0.096
287,EALT3,9.50,11.80,1.43,0.939,0.0236,0.607,13.61,11.02,-3.60,14.07,9.53,0.0852,0.0989,1.12,0.06,0.1506,5641.28,185711000.00,0.46,0.2044
288,EZTC3,9.52,19.78,1.05,4.413,0.0214,0.919,2.23,18.18,2.51,13.93,13.62,0.2427,0.4794,7.38,0.0655,0.1102,56723700.00,4283410000.00,0.00,0.1623
289,REDE3,9.57,6.60,3.79,1.074,0.1204,0.605,9.95,5.19,-1.27,7.36,5.94,0.207,0.1551,1.26,0.138,0.3962,13853.40,3674760000.00,2.23,0.1072
290,AGRO3,9.66,29.96,1.41,2.513,0.00,0.895,2.79,7.36,5.95,6.89,5.45,0.3414,0.2602,2.66,0.191,0.1455,24371100.00,2182600000.00,0.40,0.5511
291,SBSP3,9.67,35.68,1.01,1.311,0.0112,0.479,-90.01,5.70,-1.15,8.87,5.90,0.2299,0.1357,0.95,0.0896,0.105,111701000.00,24037200000.00,0.69,0.0716
292,SLCE3,9.71,46.30,2.42,1.714,0.0269,0.872,4.11,5.95,-5.78,6.90,6.34,0.288,0.1884,1.85,0.1752,0.249,66127600.00,3699590000.00,0.73,0.2542
293,BRIV3,9.84,9.20,0.52,0.000,0.0021,0.000,0.00,0.00,0.00,0.00,0.00,0.00,0.00,0.00,0.00,0.0532,914.86,1556890000.00,0.00,0.364
294,ELET6,9.85,35.06,0.73,2.023,0.0752,0.304,2.26,-57.71,-0.99,-82.28,88.81,-0.0351,0.2067,1.95,-0.0062,0.0742,92613700.00,75253600000.00,0.63,-0.0896
295,RANI3,9.89,7.08,2.08,1.386,0.0389,0.920,3.22,6.42,-6.99,7.34,5.64,0.2159,0.1402,3.04,0.1928,0.2106,12898100.00,873086000.00,0.73,0.1059
296,RSUL4,9.92,75.00,8.68,1.636,0.00,1.675,13.22,8.55,-4.35,8.56,7.73,0.1913,0.1649,1.43,0.2224,0.8748,398305.00,50367000.00,0.26,0.2102
297,CRPG5,9.94,99.20,3.37,2.978,0.0497,2.471,3.54,11.66,4.59,9.97,9.09,0.2553,0.2995,7.38,0.3513,0.3394,3560440.00,852950000.00,0.00,0.1232
298,ELET3,9.97,35.47,0.74,2.046,0.0675,0.307,2.28,-58.38,-1.00,-82.95,89.53,-0.0351,0.2067,1.95,-0.0062,0.0742,190455000.00,75253600000.00,0.63,-0.0896
299,BEEF3,10.11,9.30,13.11,0.242,0.102,0.315,1.22,2.99,-1.08,5.84,5.00,0.081,0.0239,1.61,0.2194,1.2974,94914300.00,422925000.00,27.55,0.2093
300,COCE5,10.12,56.25,1.29,0.680,0.0376,0.429,-601.48,8.36,-1.10,13.57,8.20,0.0813,0.0671,1.00,0.0598,0.127,1166300.00,3406300000.00,0.90,0.1001
301,CRIV3,10.16,5.00,0.51,0.000,0.00,0.000,0.00,0.00,0.00,0.00,0.00,0.00,0.00,0.00,0.00,0.0507,3523.47,1000120000.00,0.00,-0.0433
302,TGMA3,10.42,16.28,1.64,1.001,0.0532,1.045,3.80,7.62,8.39,7.55,6.52,0.1315,0.0959,2.31,0.1871,0.1571,8765830.00,656554000.00,0.36,0.0174
303,COCE3,10.44,58.00,1.33,0.701,0.0364,0.442,-620.20,8.62,-1.13,13.83,8.36,0.0813,0.0671,1.00,0.0598,0.127,747.91,3406300000.00,0.90,0.1001
304,ENGI3,10.47,14.43,3.20,1.153,0.0243,0.545,10.96,6.70,-0.98,10.50,7.98,0.1721,0.1205,1.25,0.0938,0.3052,134095.00,8190540000.00,2.32,0.1574
305,CTSA4,10.54,1.63,0.60,0.318,0.00,0.253,14.12,9.25,-1.90,19.16,11.66,0.0343,0.0301,1.04,0.0346,0.0572,93808.00,300760000.00,0.72,0.0769
306,WHRL3,10.55,6.81,5.12,0.931,0.0644,1.292,13.85,8.72,40.28,7.56,6.43,0.1068,0.0884,1.14,0.5587,0.4854,102066.00,1998990000.00,0.38,0.0383
307,BTTL3,10.68,20.19,7.92,0.546,0.00,1.535,19.75,9.55,-5.67,9.95,7.79,0.0571,0.0511,1.17,0.2256,0.7412,395854.00,37891000.00,1.12,0.3972
308,CRPG6,10.73,107.00,3.64,3.212,0.046,2.665,3.82,12.58,4.95,10.89,9.93,0.2553,0.2995,7.38,0.3513,0.3394,82504.40,852950000.00,0.00,0.1232
309,LAVV3,10.74,5.24,0.88,2.677,0.1338,0.647,1.01,8.80,1.11,2.49,2.48,0.3042,0.3238,5.04,0.148,0.0823,11538000.00,1234090000.00,0.04,0.00
310,CRFB3,10.74,16.83,2.05,0.445,0.028,0.648,-78.25,6.79,-3.56,8.31,6.75,0.0656,0.0435,0.98,0.1238,0.1911,86125300.00,16281000000.00,0.59,0.131
311,SEER3,10.91,12.65,1.11,1.261,0.0289,0.500,4.61,9.35,-1.85,9.87,4.90,0.1348,0.1156,1.63,0.0635,0.1018,9634630.00,1466360000.00,0.38,0.0202
312,IGTA3,10.93,28.62,1.46,7.255,0.0099,0.719,4.87,17.55,-2.56,24.04,15.79,0.4135,0.6638,2.87,0.0504,0.1338,69730400.00,3455190000.00,0.92,0.0056
313,FRAS3,10.94,13.88,2.96,1.319,0.0265,1.086,4.44,9.51,-7.67,11.22,8.41,0.1387,0.1198,2.00,0.1429,0.2709,2336780.00,1019440000.00,0.81,0.2785
314,EMAE4,10.95,76.18,3.63,5.883,0.1128,1.853,7.17,16.73,-12.18,15.13,14.62,0.3517,0.5373,4.26,0.1354,0.3318,173955.00,774892000.00,0.00,0.2674
315,MOVI3,10.99,15.29,2.16,1.370,0.0213,0.390,1.28,6.44,-1.09,10.75,7.71,0.2128,0.1247,2.95,0.1178,0.197,44985500.00,2558850000.00,3.62,0.1889
316,CGAS3,11.15,140.00,12.43,1.934,0.0607,1.579,13.01,8.45,-2.97,10.54,8.88,0.2288,0.1735,1.55,0.2491,1.115,6015.60,1492840000.00,4.13,0.1734
317,DIRR3,11.15,10.18,1.31,0.933,0.0693,0.281,0.70,5.12,-1.05,6.06,5.24,0.1822,0.1115,5.35,0.0678,0.1171,18840600.00,1169250000.00,1.05,0.1771
318,JSLG3,11.18,7.73,1.72,34.236,0.0174,0.378,1.90,82.99,-0.88,170.07,-23.92,0.4125,3.1041,2.29,0.0054,0.1537,5564580.00,1258930000.00,2.33,-0.6011
319,LEVE3,11.21,38.33,3.13,1.541,0.0242,1.814,6.47,7.79,14.49,7.74,6.66,0.1979,0.1374,2.05,0.2963,0.2795,29037200.00,1569890000.00,0.14,0.0675
320,CRIV4,11.21,5.52,0.57,0.000,0.0822,0.000,0.00,0.00,0.00,0.00,0.00,0.00,0.00,0.00,0.00,0.0507,10974.60,1000120000.00,0.00,-0.0433
321,VULC3,11.34,9.42,1.88,1.490,0.00,1.215,2.96,18.07,3.73,19.72,12.77,0.0825,0.1314,2.53,0.0772,0.1656,9193510.00,1232120000.00,0.31,-0.0053
322,BBSE3,11.58,21.67,6.28,0.000,0.046,3.807,0.00,9.10,0.00,0.00,0.00,0.00,0.00,0.00,0.00,0.5426,128992000.00,6897000000.00,0.00,0.00
323,CGAS5,11.62,145.97,12.96,2.016,0.064,1.646,13.56,8.81,-3.10,10.91,9.19,0.2288,0.1735,1.55,0.2491,1.115,417100.00,1492840000.00,4.13,0.1734
324,PTBL3,11.74,10.33,3.96,0.941,0.0534,0.808,17.01,6.19,-2.22,8.01,6.36,0.1519,0.0802,1.12,0.1639,0.3374,24880800.00,403103000.00,1.60,0.1161
325,KLBN4,11.86,4.54,4.78,1.829,0.00,0.666,3.07,7.26,-1.34,12.61,9.03,0.2519,0.1632,2.79,0.1262,0.4032,3955660.00,5335410000.00,5.06,0.1442
326,UCAS3,11.96,4.29,1.79,1.537,0.0497,1.161,5.13,11.27,8.33,9.74,7.15,0.1364,0.1285,1.85,0.1385,0.15,205338.00,158007000.00,0.11,0.0125
327,JOPA3,11.99,28.00,0.55,0.168,0.0306,0.143,0.41,3.21,7.75,7.73,6.54,0.0525,0.0181,2.05,0.0675,0.0462,5899.72,534243000.00,1.98,0.1164
328,PARD3,12.15,20.83,3.34,1.416,0.0129,1.319,12.40,6.92,-5.93,7.23,5.65,0.2046,0.1166,1.39,0.2378,0.2747,10125600.00,817431000.00,0.39,0.1452
329,TIMS3,12.21,11.87,1.21,1.613,0.0373,0.655,5.63,8.82,-3.90,7.93,2.91,0.183,0.1321,1.67,0.0955,0.099,75368700.00,23774500000.00,0.18,0.0401
330,MULT3,12.34,17.57,1.65,10.157,0.0259,0.985,10.44,22.74,-4.20,27.13,18.86,0.4467,0.8233,2.25,0.049,0.1341,145833000.00,6378840000.00,0.50,-0.0101
331,KLBN11,12.64,24.20,5.10,1.950,0.00,0.710,3.27,7.74,-1.43,13.09,9.37,0.2519,0.1632,2.79,0.1262,0.4032,170787000.00,5335410000.00,5.06,0.1442
332,OFSA3,12.74,28.01,2.51,1.787,0.0151,1.422,3.24,9.97,8.82,11.09,9.46,0.1793,0.1403,3.82,0.1819,0.1969,650986.00,602282000.00,0.56,0.1585
333,QUAL3,12.98,18.30,3.08,2.499,0.1197,1.173,-7.01,6.34,-4.20,7.42,5.22,0.3938,0.1959,0.67,0.2641,0.237,57045800.00,1689510000.00,0.99,0.0026
334,SMTO3,12.98,36.72,2.90,2.843,0.033,0.992,6.54,10.20,-2.68,13.59,6.50,0.2787,0.2191,2.11,0.1121,0.2237,45027800.00,4476400000.00,1.26,0.1154
335,ASAI3,13.00,16.11,11.32,0.745,0.0045,1.059,15.89,9.59,-2.36,11.82,10.79,0.0776,0.0601,1.17,0.1972,0.8701,250601000.00,1917000000.00,4.97,0.00
336,EGIE3,13.05,37.87,3.78,2.313,0.0689,0.817,10.27,5.48,-1.48,7.84,6.74,0.4217,0.1772,1.53,0.1762,0.2899,57598500.00,8166660000.00,2.25,0.1897
337,TUPY3,13.20,21.12,1.21,0.533,0.0065,0.490,1.55,5.84,-23.60,7.33,4.35,0.0914,0.0404,2.23,0.128,0.092,18871800.00,2506480000.00,0.82,0.1147
338,EQPA3,13.22,5.05,3.13,1.709,0.0693,0.894,3.90,7.15,-3.36,8.02,6.63,0.239,0.1293,2.04,0.1752,0.2369,51018.00,3562880000.00,1.19,0.0665
339,WHRL4,13.24,8.55,6.43,1.169,0.0564,1.623,17.39,10.95,50.57,9.79,8.32,0.1068,0.0884,1.14,0.5587,0.4854,110945.00,1998990000.00,0.38,0.0383
340,MTRE3,13.39,6.74,0.73,1.301,0.0663,0.528,0.99,11.62,1.14,4.55,4.30,0.112,0.1005,3.67,0.0737,0.0542,7378930.00,981456000.00,0.06,0.8516
341,WLMM4,13.43,34.01,2.41,0.788,0.0185,1.932,5.23,10.89,6.82,9.90,9.58,0.0724,0.0587,4.29,0.2289,0.1797,62430.60,513221000.00,0.02,0.3575
342,GRND3,13.50,8.71,2.01,3.345,0.0758,1.860,3.12,16.58,3.23,13.70,11.54,0.2017,0.2478,11.61,0.1747,0.1491,24496200.00,3903240000.00,0.02,-0.01
343,FLRY3,13.61,19.50,3.53,1.709,0.0442,1.165,-540.54,8.05,-2.96,10.36,7.04,0.2122,0.1256,0.99,0.1734,0.2594,42407600.00,1757010000.00,1.36,0.1056
344,HYPE3,13.70,27.96,1.83,3.252,0.054,0.883,5.20,10.99,-5.02,13.64,12.64,0.296,0.2373,1.99,0.0973,0.1335,104337000.00,9680530000.00,0.77,0.0929
345,LCAM3,13.70,21.00,2.34,1.592,0.018,0.765,141.44,7.59,-1.62,11.15,8.19,0.2098,0.1162,1.03,0.135,0.1709,70883200.00,4561340000.00,1.48,0.6602
346,BSLI4,13.86,18.75,3.17,0.000,0.0239,0.000,0.00,0.00,0.00,0.00,0.00,0.00,0.00,0.00,0.00,0.2286,8357.23,2149190000.00,0.00,0.0863
347,CARD3,13.89,17.94,2.43,1.545,0.0279,1.394,39.67,9.51,-10.48,9.95,5.66,0.1625,0.1113,1.14,0.1854,0.175,7738570.00,308638000.00,0.37,0.0064
348,MRSA3B,13.93,35.70,2.52,2.939,0.00,1.096,-19.62,10.27,-2.52,11.59,6.25,0.2863,0.211,0.70,0.1224,0.1812,180.70,4808900000.00,0.52,0.0288
349,DOHL3,13.95,23.49,2.61,2.727,0.02,2.013,4.62,20.08,6.56,20.16,17.33,0.1358,0.1954,5.32,0.1079,0.1872,273.14,680327000.00,0.07,0.0798
350,PDTC3,14.14,6.90,4.32,1.798,0.00,1.367,3.53,23.09,11.69,23.84,23.84,0.0778,0.1271,1.94,0.0841,0.3053,1696800.00,125417000.00,0.65,11.6483
351,CTSA3,14.22,2.20,0.81,0.429,0.00,0.342,19.06,12.49,-2.57,22.40,13.63,0.0343,0.0301,1.04,0.0346,0.0572,47071.60,300760000.00,0.72,0.0769
352,LOGN3,14.28,21.40,5.68,1.784,0.00,1.044,4.36,12.85,-2.63,17.35,10.46,0.1388,0.125,2.33,0.1178,0.398,22041900.00,398599000.00,3.38,0.1434
353,ENMT3,14.71,79.90,5.82,2.921,0.0578,1.689,27.24,11.76,-3.80,13.78,11.81,0.2484,0.1986,1.30,0.1653,0.3953,186563.00,3007940000.00,1.27,0.126
354,ENMT4,14.71,79.90,5.82,2.921,0.0578,1.689,27.24,11.76,-3.80,13.78,11.81,0.2484,0.1986,1.30,0.1653,0.3953,84897.00,3007940000.00,1.27,0.126
355,WLMM3,14.81,37.50,2.66,0.869,0.0152,2.131,5.76,12.01,7.52,11.02,10.66,0.0724,0.0587,4.29,0.2289,0.1797,5738.56,513221000.00,0.02,0.3575
356,KEPL3,14.89,35.69,1.67,1.167,0.2979,0.948,3.81,10.77,4.29,6.96,5.45,0.1084,0.0783,1.62,0.1544,0.1119,11632000.00,649707000.00,0.02,0.1254
357,CXSE3,14.90,9.04,2.60,0.000,0.00,2.582,55.60,-461.56,55.71,-454.28,-454.53,0.00,0.00,8.55,-0.0058,0.1744,31523500.00,10436800000.00,0.00,0.00
358,SIMH3,14.91,11.79,3.65,0.868,0.0073,0.284,0.89,5.19,-0.72,11.17,7.20,0.1674,0.0827,3.05,0.0971,0.245,35209300.00,2627330000.00,8.83,0.00
359,VITT3,15.17,9.12,4.54,2.157,0.00,1.927,11.89,12.43,25.90,14.50,13.35,0.1736,0.1488,1.34,0.177,0.2992,1917610.00,287352000.00,0.90,0.00
360,KLBN3,15.54,5.95,6.27,2.397,0.00,0.873,4.02,9.52,-1.76,14.86,10.64,0.2519,0.1632,2.79,0.1262,0.4032,938193.00,5335410000.00,5.06,0.1442
361,CSAN3,15.65,20.92,3.80,2.072,0.0123,0.496,4.21,14.13,-1.04,25.01,17.20,0.1466,0.1518,1.95,0.0412,0.2428,203272000.00,10315900000.00,3.75,0.2673
362,MRSA5B,15.72,40.29,2.85,3.317,0.017,1.236,-22.14,11.59,-2.85,12.91,6.97,0.2863,0.211,0.70,0.1224,0.1812,93.70,4808900000.00,0.52,0.0288
363,VIVT3,15.73,44.56,1.10,1.733,0.0716,0.662,88.68,13.61,-3.64,14.42,4.65,0.1273,0.1102,1.04,0.0565,0.0697,118028000.00,68769700000.00,0.19,0.003
364,JOPA4,15.85,37.00,0.73,0.223,0.0255,0.189,0.55,4.24,10.24,8.76,7.41,0.0525,0.0181,2.05,0.0675,0.0462,833.74,534243000.00,1.98,0.1164
365,EVEN3,16.16,6.81,0.82,0.689,0.1112,0.257,0.60,4.19,1.10,1.65,1.60,0.1642,0.0626,2.23,0.0809,0.0508,13641200.00,1759430000.00,0.24,0.0774
366,ABEV3,16.20,15.00,2.99,3.550,0.0327,1.897,60.33,15.38,-20.30,14.63,11.04,0.2309,0.2242,1.14,0.1668,0.1847,367298000.00,78889800000.00,0.04,0.0858
367,MDIA3,16.24,30.26,1.55,1.425,0.0201,0.996,3.61,38.39,16.99,39.41,19.42,0.0371,0.0877,2.97,0.0329,0.0954,28982000.00,6620240000.00,0.28,0.0796
368,BRPR3,16.40,7.37,0.48,10.817,0.0277,0.312,11.62,15.64,-1.12,24.22,24.09,0.6917,0.6597,1.56,0.0213,0.0294,25051000.00,7248930000.00,0.36,-0.0805
369,B3SA3,16.51,12.62,3.41,7.485,0.065,1.561,10.50,11.71,-11.12,10.46,9.00,0.6392,0.4534,1.59,0.213,0.2064,692069000.00,22692700000.00,0.44,0.373
370,ENEV3,16.67,14.00,2.16,4.791,0.00,1.058,10.59,16.91,-3.00,22.29,14.70,0.2834,0.2873,2.71,0.0719,0.1296,101106000.00,8202370000.00,0.90,0.1208
371,BLAU3,17.84,33.30,3.84,4.466,0.0038,2.581,4.39,12.21,5.93,11.17,10.81,0.3659,0.2503,4.34,0.399,0.2154,16642000.00,1554540000.00,0.32,0.1941
372,BPAC5,18.10,5.66,1.85,0.000,0.0187,0.000,0.00,0.00,0.00,0.00,0.00,0.00,0.00,0.00,0.00,0.1024,100920.00,35043600000.00,0.00,0.2715
373,MNPR3,18.16,9.39,-0.18,0.233,0.00,0.268,-0.17,1.52,-0.13,1.53,1.32,0.1538,0.0129,0.22,0.1865,-0.0099,154958.00,-370928000.00,-0.00,0.1057
374,WSON33,18.25,67.00,2.22,2.411,0.0725,0.904,30.32,5.46,-2.01,8.13,8.13,0.4414,0.1358,1.26,0.1836,0.1217,1812830.00,2148530000.00,1.21,0.0523
375,ELET5,18.26,65.00,1.36,3.750,0.00,0.563,4.19,-106.99,-1.84,-131.56,141.99,-0.0351,0.2067,1.95,-0.0062,0.0742,799.65,75253600000.00,0.63,-0.0896
376,CEDO4,18.80,6.07,0.44,0.075,0.00,0.079,-1.45,1.12,-0.24,4.73,3.57,0.0672,0.0004,0.90,0.0878,0.0236,34104.30,136914000.00,1.58,0.0629
377,LAME4,18.82,5.41,1.56,0.412,0.0393,0.235,0.76,5.84,-8.27,8.42,4.22,0.0705,0.0179,2.05,0.0743,0.0831,178646000.00,6526520000.00,2.75,0.0816
378,EQPA5,18.85,7.20,4.46,2.437,0.0486,1.275,5.57,10.20,-4.79,11.07,9.14,0.239,0.1293,2.04,0.1752,0.2369,11569.00,3562880000.00,1.19,0.0665
379,INTB3,18.88,27.43,4.95,3.291,0.006,3.049,5.52,28.42,6.97,26.82,24.75,0.1158,0.1744,3.08,0.1961,0.2623,61791600.00,1815260000.00,0.23,0.00
380,MELK3,18.88,4.00,0.72,1.368,0.0016,0.451,0.75,14.81,0.83,4.69,4.23,0.0924,0.0862,3.08,0.0471,0.0379,6971050.00,1163170000.00,0.06,0.00
381,UGPA3,18.99,13.50,1.56,0.156,0.0474,0.418,1.97,7.95,-1.83,14.11,8.32,0.0196,0.0086,1.76,0.0781,0.082,126152000.00,9664740000.00,1.85,0.0459
382,ODPV3,19.06,13.09,6.40,3.900,0.0464,3.443,-1051.50,11.95,-35.93,11.12,10.64,0.3264,0.2051,0.99,0.384,0.3356,18139800.00,1087060000.00,0.00,0.0699
383,PRNR3,19.07,7.82,1.33,0.971,0.00,0.863,2.72,18.30,3.81,17.32,7.52,0.0531,0.0542,2.22,0.0617,0.0696,984147.00,228831000.00,0.24,0.0065
384,EQPA7,19.11,7.30,4.53,2.471,0.0479,1.293,5.64,10.34,-4.86,11.21,9.26,0.239,0.1293,2.04,0.1752,0.2369,21448.90,3562880000.00,1.19,0.0665
385,LPSB3,19.22,2.50,2.00,1.729,0.00,0.930,3.62,5.96,-8.58,3.84,2.94,0.2901,0.175,2.40,0.2426,0.1041,3430390.00,184405000.00,0.00,0.1461
386,LAME3,19.34,5.56,1.61,0.424,0.0383,0.242,0.79,6.00,-8.50,8.58,4.30,0.0705,0.0179,2.05,0.0743,0.0831,39006100.00,6526520000.00,2.75,0.0816
387,PTNT3,19.51,21.57,3.75,1.367,0.00,1.435,7.03,14.32,471.77,15.82,11.07,0.0954,0.097,1.63,0.1346,0.1924,907448.00,276016000.00,0.76,0.0966
388,BSLI3,19.58,26.50,4.48,0.000,0.0154,0.000,0.00,0.00,0.00,0.00,0.00,0.00,0.00,0.00,0.00,0.2286,13268.70,2149190000.00,0.00,0.0863
389,BRFS3,19.74,22.01,2.14,0.410,0.00,0.360,3.45,6.06,-0.96,11.24,5.97,0.0676,0.0207,1.30,0.0962,0.1087,164310000.00,8337030000.00,2.71,0.0634
390,BRGE12,19.87,6.94,0.41,92.124,0.0001,0.167,0.40,-1.17,0.89,2.39,2.39,-78.6451,6.1209,3.25,-0.2883,0.0208,951.02,1235180000.00,0.00,-0.2425
391,BALM4,20.36,14.45,1.21,0.967,0.0284,0.678,1.63,10.09,2.46,8.74,7.16,0.0959,0.043,2.57,0.0858,0.0593,28535.70,117371000.00,0.14,0.0887
392,FESA4,20.40,51.34,2.31,2.415,0.0264,1.561,6.46,9.51,50.67,9.65,7.14,0.2541,0.1184,3.16,0.1961,0.1132,36510400.00,1963930000.00,0.23,0.1257
393,BAUH4,20.63,87.98,4.73,2.446,0.0077,3.115,212.60,57.30,-436.72,55.43,36.56,0.0427,0.1186,1.05,0.077,0.2292,9746.26,97174000.00,0.00,0.0515
394,FESA3,20.66,52.00,2.34,2.446,0.0237,1.581,6.54,9.63,51.33,9.77,7.23,0.2541,0.1184,3.16,0.1961,0.1132,24520.40,1963930000.00,0.23,0.1257
395,SOND6,20.86,35.51,1.59,1.283,0.2372,1.105,3.65,25.25,6.41,19.12,12.60,0.0508,0.0615,2.74,0.0604,0.0762,665.26,54910000.00,0.00,0.0516
396,RPAD6,21.25,5.29,0.44,0.000,0.00,0.434,41.98,-108.81,42.44,-105.65,-105.65,0.00,0.00,4.26,-0.004,0.0205,595.40,1028950000.00,0.00,-0.0694
397,CEDO3,21.44,6.92,0.51,0.085,0.00,0.090,-1.65,1.27,-0.28,4.88,3.69,0.0672,0.0004,0.90,0.0878,0.0236,6572.77,136914000.00,1.58,0.0629
398,BRGE3,21.81,7.62,0.45,101.150,0.0001,0.183,0.44,-1.29,0.97,2.27,2.28,-78.6451,6.1209,3.25,-0.2883,0.0208,596.88,1235180000.00,0.00,-0.2425
399,GMAT3,21.87,7.67,2.83,1.179,0.00,1.935,3.70,18.77,4.98,18.29,14.76,0.0628,0.054,3.99,0.1497,0.1294,42940600.00,5987410000.00,0.21,0.00
400,RENT3,21.90,47.85,5.29,3.174,0.0083,1.694,29.67,14.15,-4.06,16.91,14.41,0.2242,0.1449,1.28,0.1582,0.2415,357782000.00,6863440000.00,1.63,0.2151
401,SOND5,21.97,37.40,1.67,1.351,0.2252,1.164,3.84,26.59,6.75,20.46,13.49,0.0508,0.0615,2.74,0.0604,0.0762,2844.05,54910000.00,0.00,0.0516
402,SCAR3,22.13,35.99,1.33,5.953,0.0102,0.694,6.17,9.53,-2.24,14.28,11.70,0.6244,0.2738,3.15,0.0814,0.06,344164.00,1564770000.00,0.86,-0.1234
403,SOJA3,22.26,13.80,3.00,2.736,0.00,1.630,3.36,17.08,3.85,16.55,16.23,0.1602,0.1229,2.23,0.1245,0.1348,3734310.00,538581000.00,0.25,0.00
404,MYPK3,22.47,17.21,0.74,0.226,0.00,0.200,1.85,3.86,-0.85,9.72,5.23,0.0587,0.0184,1.30,0.0676,0.0327,30126100.00,3599250000.00,1.49,0.1098
405,PNVL3,22.86,11.98,1.76,0.594,0.0148,0.841,2.77,23.06,13.79,29.43,10.67,0.0258,0.026,2.09,0.0457,0.0769,15806300.00,1024750000.00,0.65,0.09
406,GUAR3,22.97,11.86,1.19,0.890,0.0368,0.457,1.78,39.43,-21.89,49.53,10.88,0.0226,0.0388,1.76,0.0147,0.0519,10670100.00,4963500000.00,0.70,0.0165
407,BMIN4,23.07,18.00,0.69,0.000,0.1083,0.000,0.00,0.00,0.00,0.00,0.00,0.00,0.00,0.00,0.00,0.0299,15821.70,125936000.00,0.00,-0.2005
408,PGMN3,23.30,10.04,2.18,0.612,0.00,0.782,3.60,11.16,-8.53,12.19,7.46,0.0548,0.0263,1.65,0.0967,0.0936,14617000.00,2043750000.00,0.39,0.0718
409,BALM3,23.95,17.00,1.42,1.138,0.02,0.798,1.92,11.87,2.89,10.52,8.62,0.0959,0.043,2.57,0.0858,0.0593,3272.00,117371000.00,0.14,0.0887
410,BPAN4,23.97,14.60,3.17,0.000,0.0145,0.000,0.00,0.00,0.00,0.00,0.00,0.00,0.00,0.00,0.00,0.132,132690000.00,5558560000.00,0.00,0.1186
411,PRIO3,24.00,26.48,4.29,7.633,0.00,2.214,5.04,20.19,53.53,19.62,11.36,0.378,0.3181,6.10,0.1974,0.1788,549512000.00,5421760000.00,0.71,0.568
412,BPAC11,24.32,22.82,2.49,0.000,0.0139,0.000,0.00,0.00,0.00,0.00,0.00,0.00,0.00,0.00,0.00,0.1024,360453000.00,35043600000.00,0.00,0.2715
413,BRGE11,24.65,8.61,0.51,114.292,0.0427,0.207,0.50,-1.45,1.10,2.11,2.11,-78.6451,6.1209,3.25,-0.2883,0.0208,191.70,1235180000.00,0.00,-0.2425
414,BMOB3,24.78,13.22,1.18,5.382,0.00,1.128,1.55,16.09,1.55,6.58,4.93,0.3346,0.2172,17.01,0.2231,0.0478,19171500.00,1014640000.00,0.00,0.00
415,HGTX3,25.62,37.50,3.83,4.615,0.0087,2.702,7.46,61.27,9.77,61.18,32.69,0.0753,0.1801,2.73,0.0576,0.1496,38422900.00,1589850000.00,0.12,-0.0505
416,TECN3,25.72,3.31,0.81,0.853,0.00,0.416,0.93,4.46,3.58,4.88,6.22,0.1912,0.0331,3.88,0.1216,0.0315,16392700.00,321252000.00,0.42,-0.0513
417,LJQQ3,26.18,12.94,4.73,1.283,0.0066,0.995,2.86,11.56,-12.46,10.54,7.89,0.111,0.049,1.96,0.1325,0.1806,34807100.00,512454000.00,0.65,0.00
418,RDNI3,26.30,11.30,0.80,1.495,0.0009,0.282,1.24,-8677.21,-1.40,-16199.70,189.80,-0.0002,0.078,2.09,-0.00,0.0303,337059.00,621605000.00,0.77,0.0173
419,AFLT3,27.63,8.65,3.18,14.825,0.0508,2.882,15.94,26.28,25.52,25.70,25.50,0.564,0.5365,8.22,0.1184,0.115,4345.26,171738000.00,0.00,0.0878
420,BMIN3,28.51,22.25,0.85,0.000,0.00,0.000,0.00,0.00,0.00,0.00,0.00,0.00,0.00,0.00,0.00,0.0299,310.35,125936000.00,0.00,-0.2005
421,BRGE8,28.60,9.99,0.60,132.611,0.0307,0.240,0.58,-1.69,1.28,1.87,1.88,-78.6451,6.1209,3.25,-0.2883,0.0208,107.07,1235180000.00,0.00,-0.2425
422,RPAD3,28.92,7.20,0.59,0.000,0.00,0.591,57.13,-148.10,57.76,-144.93,-144.93,0.00,0.00,4.26,-0.004,0.0205,2161.37,1028950000.00,0.00,-0.0694
423,ARZZ3,29.11,78.09,5.44,3.680,0.0104,2.824,16.34,34.26,467.56,34.80,24.89,0.1074,0.1264,1.55,0.1122,0.1868,62628500.00,1430980000.00,0.36,0.1001
424,VIVA3,29.55,26.83,5.04,5.428,0.0059,2.913,7.40,22.34,16.01,21.84,17.82,0.2429,0.1837,2.87,0.175,0.1706,34643600.00,1256580000.00,0.23,0.00
425,RAIZ4,30.96,6.37,6.50,0.611,0.00,0.876,39.61,19.29,-2.09,26.57,18.57,0.0317,0.02,1.05,0.0591,0.2098,67548300.00,10152300000.00,2.96,0.00
426,LIPR3,31.45,69.00,3.96,0.000,0.0293,3.436,11.98,-134.27,13.53,-119.90,-120.02,0.00,0.00,3.85,-0.0405,0.1261,3723.26,204762000.00,0.00,0.00
427,CSED3,32.85,6.50,1.73,1.378,0.0232,0.515,3.05,8.91,-1.25,9.28,5.53,0.1547,0.042,2.41,0.0771,0.0527,5820420.00,1434860000.00,0.87,0.00
428,CCRO3,33.83,11.53,2.84,2.018,0.0078,0.641,14.91,7.65,-1.22,12.31,6.13,0.2638,0.0695,1.22,0.1038,0.0839,160663000.00,8207170000.00,2.51,0.0267
429,GPAR3,34.48,50.00,2.54,16.323,0.0101,1.836,5.67,17.57,17.82,17.10,17.10,0.929,0.4734,6.92,0.1159,0.0735,3710.98,1536910000.00,0.07,-0.1445
430,RPAD5,34.67,8.63,0.71,0.000,0.0635,0.708,68.48,-177.51,69.23,-174.35,-174.35,0.00,0.00,4.26,-0.004,0.0205,887.28,1028950000.00,0.00,-0.0694
431,MOSI3,35.49,11.55,2.19,6.426,0.0001,2.045,2.68,47.09,2.69,29.73,24.40,0.1364,0.1811,13.23,0.2098,0.0617,23456100.00,667520000.00,0.00,0.00
432,MILS3,35.60,5.10,1.17,2.115,0.0206,0.866,3.12,17.19,6.29,15.59,5.37,0.1231,0.0594,3.38,0.0697,0.0327,9071940.00,1103100000.00,0.22,0.2325
433,BMKS3,35.92,229.99,0.55,4.463,0.0345,0.485,0.66,-147.31,0.76,45.95,-32.46,-0.0303,0.1243,34.00,-0.0097,0.0153,123405.00,190531000.00,0.01,0.0883
434,LUXM4,36.26,80.99,4.37,3.752,0.0198,2.779,25.29,25.68,-23.37,25.62,13.45,0.1461,0.1035,1.81,0.1298,0.1205,44143.50,96314000.00,0.22,0.0263
435,MERC4,36.39,10.50,0.76,0.000,0.0492,0.000,0.00,0.00,0.00,0.00,0.00,0.00,0.00,0.00,0.00,0.0209,5218.35,248128000.00,0.00,-0.3422
436,DMVF3,37.66,6.00,0.37,0.293,0.00,0.210,3.05,3.43,-1.47,2.74,1.41,0.0854,0.0078,1.31,0.0763,0.0098,746736.00,824765000.00,0.09,0.00
437,SYNE3,38.70,12.07,1.12,3.725,0.0827,0.357,3.78,7.14,-1.29,11.25,8.81,0.522,0.277,2.68,0.0576,0.029,6490080.00,1641230000.00,1.05,0.0129
438,CPLE5,38.79,49.89,6.77,6.750,0.0316,2.882,448.36,33.61,-8.16,35.62,28.83,0.2009,0.1782,1.03,0.0929,0.1745,3858.93,20171700000.00,0.48,0.1165
439,TFCO4,41.13,12.46,8.95,5.753,0.0186,5.232,9.87,29.01,15.88,29.18,27.98,0.1983,0.1399,3.47,0.2416,0.2177,2504060.00,222248000.00,0.34,0.00
440,ALSO3,41.27,19.88,0.80,6.528,0.0114,0.489,5.86,16.46,-3.26,19.38,12.22,0.3965,0.1973,2.54,0.0328,0.0193,29597800.00,6631100000.00,0.29,0.3039
441,YDUQ3,41.30,22.65,2.15,1.674,0.0207,0.726,6.37,15.06,-2.12,21.81,9.23,0.1111,0.0405,1.56,0.0623,0.052,68288600.00,3261920000.00,1.56,0.0505
442,NGRD3,41.54,4.02,2.05,4.196,0.0031,1.429,3.01,24.70,4.76,18.73,13.11,0.1699,0.101,4.71,0.1188,0.0493,9475530.00,468482000.00,0.22,0.00
443,BRML3,41.57,7.18,0.59,6.711,0.00,0.323,4.65,11.54,-1.04,16.00,14.91,0.5815,0.126,2.53,0.0309,0.0141,139774000.00,10691900000.00,0.40,-0.0705
444,CEGR3,41.60,60.05,13.91,4.507,0.00,4.258,-362.26,24.04,-10.60,25.17,20.66,0.1875,0.1083,0.96,0.2285,0.3344,1681.51,1121010000.00,1.05,0.0109
445,VAMO3,44.29,12.54,7.99,5.908,0.00,2.400,77.52,24.26,-5.14,28.34,17.89,0.2435,0.1334,1.15,0.1242,0.1804,50282600.00,1533840000.00,1.56,0.6431
446,BPAC3,44.60,13.95,4.57,0.000,0.0076,0.000,0.00,0.00,0.00,0.00,0.00,0.00,0.00,0.00,0.00,0.1024,154030.00,35043600000.00,0.00,0.2715
447,AMBP3,45.72,38.63,3.85,4.275,0.0024,1.184,5.02,23.64,-4.41,28.85,19.08,0.1809,0.0974,2.46,0.0689,0.0842,100842000.00,1133590000.00,1.64,0.00
448,RAIL3,47.32,16.58,1.99,4.005,0.00,0.720,7.20,14.52,-1.63,19.90,10.88,0.2758,0.0864,2.13,0.0568,0.0421,213390000.00,15449300000.00,1.05,0.1096
449,RADL3,47.92,21.57,7.64,1.610,0.004,2.542,16.32,28.21,-15.42,29.23,14.94,0.0571,0.0341,1.45,0.1141,0.1594,144690000.00,4665460000.00,0.33,0.1596
450,WEGE3,49.68,38.89,13.64,7.956,0.0105,7.624,24.79,40.07,33.30,39.50,35.27,0.1986,0.1631,1.89,0.2592,0.2745,325779000.00,11966800000.00,0.13,0.2179
451,STBP3,54.15,6.29,2.47,4.617,0.00,1.200,5.90,28.52,-5.40,24.90,13.16,0.1619,0.0853,3.28,0.057,0.0457,29620500.00,2192350000.00,0.19,0.0769
452,AALR3,58.08,14.45,1.41,1.525,0.00,0.649,17.18,16.52,-2.13,22.01,10.09,0.0923,0.0329,1.20,0.0442,0.0243,15751200.00,1212180000.00,0.65,-0.0027
453,TOTS3,58.78,31.88,7.23,6.902,0.0082,2.588,43.56,16.92,-11.54,17.57,14.65,0.4078,0.1174,1.17,0.1815,0.1229,149124000.00,2723210000.00,0.68,0.0593
454,POWE3,59.38,12.38,1.21,0.921,0.0043,0.471,1.71,20.11,4.70,10.20,9.50,0.0458,0.0218,1.64,0.034,0.0203,6047340.00,920162000.00,0.04,0.00
455,ALPA3,74.06,37.60,6.98,5.621,0.00,4.364,15.84,27.49,25.61,26.72,22.46,0.2045,0.0739,2.07,0.2122,0.0942,115497.00,3167770000.00,0.08,-0.0059
456,HAPV3,75.94,11.61,4.24,4.951,0.0048,2.611,41.25,55.36,-15.63,54.87,26.66,0.0894,0.0656,1.41,0.0558,0.0558,227834000.00,10661800000.00,0.20,0.3635
457,AGXY3,83.54,7.63,1.32,0.301,0.00,0.289,11.21,15.03,-7.75,24.19,14.28,0.02,0.0031,1.04,0.0338,0.0158,1186010.00,988804000.00,1.10,0.00
458,RDOR3,85.33,60.88,7.71,6.832,0.0224,2.485,6.58,32.90,-12.51,35.47,27.93,0.2076,0.0856,5.10,0.1109,0.0904,361921000.00,15868200000.00,1.52,0.3858
459,ALPA4,85.98,43.65,8.10,6.526,0.00,5.066,18.39,31.92,29.73,31.14,26.18,0.2045,0.0739,2.07,0.2122,0.0942,127558000.00,3167770000.00,0.08,-0.0059
460,NTCO3,86.12,39.88,2.09,1.329,0.00,0.939,11.28,20.44,-4.26,22.72,11.17,0.065,0.0152,1.34,0.0605,0.0243,307456000.00,26311000000.00,0.54,0.00
461,BOAS3,88.87,10.49,2.95,8.268,0.002,2.258,4.28,42.82,6.19,33.53,14.84,0.1931,0.093,8.24,0.1195,0.0332,12694500.00,1887130000.00,0.07,0.0392
462,LREN3,91.96,32.05,3.08,3.223,0.0119,1.536,3.77,25.16,11.04,23.21,13.37,0.1281,0.0351,2.74,0.0954,0.0335,331421000.00,9341830000.00,0.36,0.0591
463,MERC3,93.57,27.00,1.96,0.000,0.00,0.000,0.00,0.00,0.00,0.00,0.00,0.00,0.00,0.00,0.00,0.0209,1056.26,248128000.00,0.00,-0.3422
464,MGLU3,106.32,12.42,11.41,2.326,0.0033,3.307,18.10,71.88,-45.86,72.38,44.12,0.0324,0.0219,1.40,0.0765,0.1073,623767000.00,7265610000.00,0.32,0.3356
465,PETZ3,123.42,19.54,13.81,4.327,0.0026,3.980,58.89,48.47,-12.53,49.12,24.30,0.0893,0.0351,1.21,0.1106,0.1119,147735000.00,557706000.00,0.66,0.00
466,ANIM3,126.96,7.48,1.18,1.747,0.00,0.296,-42.45,10.93,-0.49,26.43,15.15,0.1599,0.0149,0.95,0.0294,0.0093,25809300.00,2563930000.00,1.92,0.1388
467,SOMA3,133.42,14.88,6.73,7.203,0.00,4.562,12.12,88.32,20.09,88.00,48.63,0.0816,0.054,3.18,0.066,0.0505,76263600.00,1734690000.00,0.18,0.00
468,RCSL4,144.68,1.37,-2.31,2.295,0.00,1.686,29.54,53.91,-1.38,52.21,36.36,0.0426,0.0159,1.13,0.0336,-0.0159,2926820.00,-45030000.00,-0.00,7.877
469,GNDI3,146.39,65.74,5.62,3.484,0.0043,2.316,52.87,49.75,-6.56,51.61,35.65,0.07,0.0238,1.23,0.0539,0.0384,264208000.00,7201060000.00,0.52,0.277
470,SQIA3,150.75,16.35,3.24,5.368,0.001,2.008,13.87,74.64,-18.32,75.46,28.20,0.0719,0.0385,2.16,0.0345,0.0215,25645600.00,443333000.00,0.38,0.2387
471,CEAB3,160.57,6.15,0.73,0.398,0.00,0.272,1.44,-11.22,-1.28,-14.00,6.43,-0.0355,0.0025,1.83,-0.0323,0.0046,21935700.00,2589800000.00,0.52,0.1225
472,SEQL3,212.08,14.15,3.28,1.498,0.00,1.028,14.88,94.34,-3.03,113.12,19.00,0.0159,0.0071,1.25,0.0138,0.0155,30050300.00,600872000.00,1.14,0.00
473,AESB3,241.63,11.39,3.12,9.984,0.0164,0.546,14.75,43.95,-0.91,81.18,81.18,0.2271,0.0413,1.35,0.0142,0.0129,30292900.00,1797110000.00,3.23,0.00
474,RCSL3,432.97,4.10,-6.90,6.867,0.00,5.044,88.39,161.33,-4.13,159.63,111.17,0.0426,0.0159,1.13,0.0336,-0.0159,23748600.00,-45030000.00,-0.00,7.877
475,CASH3,701.20,3.91,8.94,17.926,0.0015,7.318,14.93,481.84,18.16,452.16,351.43,0.0372,0.0256,9.54,0.0283,0.0127,307746000.00,351577000.00,0.00,0.00
476,LWSA3,994.13,20.18,4.02,19.454,0.0013,2.949,6.48,274.69,9.32,233.88,91.27,0.0708,0.0196,4.54,0.0204,0.004,137070000.00,2957250000.00,0.04,0.4258
477,BIDI3,1254.98,13.09,3.91,0.000,0.0011,0.000,0.00,0.00,0.00,0.00,0.00,0.00,0.00,0.00,0.00,0.0031,26480700.00,8637480000.00,0.00,0.3531
478,BIDI11,1282.78,40.14,3.99,0.000,0.0011,0.000,0.00,0.00,0.00,0.00,0.00,0.00,0.00,0.00,0.00,0.0031,421583000.00,8637480000.00,0.00,0.3531
479,BIDI4,1303.87,13.60,4.06,0.000,0.0011,0.000,0.00,0.00,0.00,0.00,0.00,0.00,0.00,0.00,0.00,0.0031,138537000.00,8637480000.00,0.00,0.3531
